,名称,階数,家賃,管理費,間取り,面積,URL
0,ＪＲ中央線 甲府駅 2階建 築42年,1階,1.5万円,2000円,1K,18m2,https://suumo.jp/chintai/jnc_000032960842/?bc=100005765178
1,ボヌール3番館,1階,1.7万円,500円,1K,19.04m2,https://suumo.jp/chintai/jnc_000059206431/?bc=100196210789
2,ボヌール3番館,2階,1.7万円,500円,1K,17.39m2,https://suumo.jp/chintai/jnc_000059206432/?bc=100196210791
3,酒折コーポグリーン,2階,1.5万円,3000円,1K,20m2,https://suumo.jp/chintai/jnc_000013854503/?bc=000085094163
4,国玉コーポグリーン,2階,1.5万円,3000円,1K,20m2,https://suumo.jp/chintai/jnc_000026065020/?bc=000085094263
5,コーポ桜,3階,2万円,-,2K,29.8m2,https://suumo.jp/chintai/jnc_000052289106/?bc=100170275408
6,ビレッジハウス増穂1号棟,4階,2万円,-,2K,28.98m2,https://suumo.jp/chintai/jnc_000075564672/?bc=100290379789
7,ビレッジハウス増穂1号棟,3階,2.2万円,-,2K,28.98m2,https://suumo.jp/chintai/jnc_000055200760/?bc=100292841524
8,ビレッジハウス増穂1号棟,3階,2.2万円,-,2K,28.98m2,https://suumo.jp/chintai/jnc_000075696767/?bc=100291429115
9,ビレッジハウス増穂1号棟,3階,2.2万円,-,2K,28.98m2,https://suumo.jp/chintai/jnc_000075564669/?bc=100290379781
10,ルミネ,2階,2万円,-,1DK,26.44m2,https://suumo.jp/chintai/jnc_000064459624/?bc=100270590238
11,小野アパート,2階,2万円,-,1K,25.51m2,https://suumo.jp/chintai/jnc_000061502888/?bc=100289556472
12,小野アパート,1階,2万円,-,1K,22.68m2,https://suumo.jp/chintai/jnc_000075556547/?bc=100289556471
13,シングルコーポ岩窪,1階,2万円,-,1K,24m2,https://suumo.jp/chintai/jnc_000046035591/?bc=100293111204
14,シングルコーポ岩窪,2階,2万円,-,1K,24m2,https://suumo.jp/chintai/jnc_000050260776/?bc=100293111224
15,ハイツスカイ,1階,2万円,-,1K,23.13m2,https://suumo.jp/chintai/jnc_000074923930/?bc=100268311485
16,ハイツスカイ,1階,2万円,-,1K,20.21m2,https://suumo.jp/chintai/jnc_000068439547/?bc=100265537628
17,ハイツスカイ,2階,2万円,-,1K,20.21m2,https://suumo.jp/chintai/jnc_000069221923/?bc=100265537606
18,クオーレ北新A,1階,2万円,-,1K,23.1m2,https://suumo.jp/chintai/jnc_000069488557/?bc=100293403002
19,クオーレ北新A,2階,2万円,-,1K,23.1m2,https://suumo.jp/chintai/jnc_000075227383/?bc=100293410767
20,クオーレ北新B,1階,2万円,-,1K,23.1m2,https://suumo.jp/chintai/jnc_000075227384/?bc=100293410762
21,パナハイツ保坂,1階,2万円,-,1K,22m2,https://suumo.jp/chintai/jnc_000074771917/?bc=100285067128
22,ノンスタイル,1階,2万円,-,1K,21.48m2,https://suumo.jp/chintai/jnc_000065475928/?bc=100289238330
23,コーポソシア,1階,2万円,-,1K,18.56m2,https://suumo.jp/chintai/jnc_000073735370/?bc=100279806228
24,サントノーレ中小河原II,1階,2万円,-,1K,18m2,https://suumo.jp/chintai/jnc_000062558447/?bc=100293410761
25,宮川荘,1階,2万円,-,1K,17.7m2,https://suumo.jp/chintai/jnc_000072222287/?bc=100271446598
26,中村ハイツ,1階,2万円,-,1K,17.1m2,https://suumo.jp/chintai/jnc_000070684774/?bc=100266339706
27,メールヴェール武田,1階,2万円,-,1K,16.51m2,https://suumo.jp/chintai/jnc_000072887662/?bc=100273769822
28,メールヴェール武田,2階,2.1万円,-,1K,16.51m2,https://suumo.jp/chintai/jnc_000072887663/?bc=100274956245
29,ビレッジハウス増穂 2号棟,3階,2.2万円,-,2K,28.98m2,https://suumo.jp/chintai/jnc_000075696770/?bc=100291429113
30,クボタハイツＡ,1階,2.2万円,-,1K,23.18m2,https://suumo.jp/chintai/jnc_000075055295/?bc=100286681438
31,クボタハイツＡ,2階,2.2万円,-,1K,23.18m2,https://suumo.jp/chintai/jnc_000073279621/?bc=100277226443
32,板垣パナハイツ渡辺Ｃ,2階,2.2万円,-,1K,22.26m2,https://suumo.jp/chintai/jnc_000048670472/?bc=100278276154
33,Ｄ－ｒｏｏｍ　ハイツミナガワ　Ｉ・ＩＩ,1階,2.2万円,-,1K,22.52m2,https://suumo.jp/chintai/jnc_000075802519/?bc=100277230228
34,Ｄ－ｒｏｏｍ　ハイツミナガワ　Ｉ・ＩＩ,1階,2.5万円,-,1K,22.52m2,https://suumo.jp/chintai/jnc_000074010423/?bc=100281386049
35,Ｄ－ｒｏｏｍ　ハイツミナガワ　Ｉ・ＩＩ,1階,2.9万円,-,1K,22.52m2,https://suumo.jp/chintai/jnc_000074010424/?bc=100281386043
36,ハイツ中根,1階,2.2万円,-,1K,21.6m2,https://suumo.jp/chintai/jnc_000048515871/?bc=100278081940
37,ハイツミナガワ,2階,2.2万円,-,1K,20m2,https://suumo.jp/chintai/jnc_000074515152/?bc=100269074812
38,ハイツミナガワ,1階,2.2万円,-,1K,20.46m2,https://suumo.jp/chintai/jnc_000075768480/?bc=100290902852
39,ユニバーコーポ善光寺,1階,2.1万円,1000円,1K,19.87m2,https://suumo.jp/chintai/jnc_000037219366/?bc=100279921491
40,ユニバーコーポ善光寺,1階,2.1万円,1000円,1K,19.87m2,https://suumo.jp/chintai/jnc_000038023157/?bc=100280069546
41,ＪＲ中央線 甲府駅 2階建 築34年,1階,1.9万円,3000円,1K,18.5m2,https://suumo.jp/chintai/jnc_000072051554/?bc=100248586258
42,ＪＲ中央線 甲府駅 2階建 築34年,1階,2万円,3000円,1K,18.5m2,https://suumo.jp/chintai/jnc_000073118479/?bc=100167245730
43,ＪＲ中央線 甲府駅 2階建 築34年,2階,2万円,3000円,1K,18.5m2,https://suumo.jp/chintai/jnc_000052402738/?bc=100267796270
44,ＪＲ中央線 甲府駅 2階建 築34年,2階,2.1万円,3000円,1K,18.5m2,https://suumo.jp/chintai/jnc_000075584620/?bc=100289701507
45,Ｙ・ＦＬＡＴIII,1階,2.2万円,-,1K,18.5m2,https://suumo.jp/chintai/jnc_000075305365/?bc=100288163718
46,Ｙ・ＦＬＡＴIII,2階,2.4万円,-,1K,18.5m2,https://suumo.jp/chintai/jnc_000075305366/?bc=100250987916
47,メゾンエルジェ,1階,2万円,2000円,1K,17.99m2,https://suumo.jp/chintai/jnc_000075359080/?bc=100288439445
48,サテライトハウス７－９３,2階,2.2万円,-,1K,17.8m2,https://suumo.jp/chintai/jnc_000075768484/?bc=100290850685
49,三浦アパート,2階,0.5万円,-,2K,25.6m2,https://suumo.jp/chintai/jnc_000075628381/?bc=100289992220
50,コーポ１４４１,2階,1.2万円,-,1K,19.83m2,https://suumo.jp/chintai/jnc_000041854577/?bc=100290704032
51,コーポラス一戸,2階,1.8万円,-,1K,19m2,https://suumo.jp/chintai/jnc_000066799869/?bc=100241854084
52,コーポラス一戸,2階,1.8万円,2000円,1K,19m2,https://suumo.jp/chintai/jnc_000040306901/?bc=100241854085
53,ペンション長者山　Ｂ,2階,1.8万円,1000円,1K,17.01m2,https://suumo.jp/chintai/jnc_000061459018/?bc=100157650716
54,高倉アパート東,1階,2万円,-,2DK,54.54m2,https://suumo.jp/chintai/jnc_000075718012/?bc=100163985169
55,西谷アパート,1階,2万円,-,2K,47.31m2,https://suumo.jp/chintai/jnc_000050659993/?bc=100162618327
56,ヒルズいとう,2階,2万円,-,1DK,31.35m2,https://suumo.jp/chintai/jnc_000043033545/?bc=100131730962
57,アイーダＮｏ２,1階,2万円,-,1K,26.49m2,https://suumo.jp/chintai/jnc_000058505749/?bc=100199923472
58,アイーダＮｏ２,2階,2.2万円,-,1K,26.49m2,https://suumo.jp/chintai/jnc_000053144105/?bc=100153910052
59,コーポ森の泉,2階,2万円,-,1DK,26.4m2,https://suumo.jp/chintai/jnc_000049861229/?bc=100158969006
60,青森県青森市合子沢山崎51-27　八甲田スモーク館,1階,2万円,-,1K,24.8m2,https://suumo.jp/chintai/jnc_000051191775/?bc=100165155393
61,ビューパレー三戸,1階,2万円,-,1K,23.18m2,https://suumo.jp/chintai/jnc_000074948934/?bc=100286046234
62,オニオンハウス,2階,2万円,-,1K,20.66m2,https://suumo.jp/chintai/jnc_000028208246/?bc=100059590634
63,オニオンハウス,1階,2万円,-,1K,20.66m2,https://suumo.jp/chintai/jnc_000036846547/?bc=100110232681
64,サンハイツ,1階,1.7万円,3000円,1K,18.21m2,https://suumo.jp/chintai/jnc_000071447889/?bc=100267773256
65,サンハイツ,2階,1.7万円,3000円,1K,18.21m2,https://suumo.jp/chintai/jnc_000070881775/?bc=100264779107
66,サンハイツ,2階,1.7万円,3000円,1K,18.21m2,https://suumo.jp/chintai/jnc_000071447890/?bc=100267773257
67,サンハイツ,1階,1.7万円,3000円,1K,18.21m2,https://suumo.jp/chintai/jnc_000070029615/?bc=100259913762
68,プラザいとうB,2階,1.9万円,2000円,2K,27.32m2,https://suumo.jp/chintai/jnc_000074118873/?bc=100281678692
69,スカイメイト,1階,2万円,1000円,2K,25.92m2,https://suumo.jp/chintai/jnc_000057810288/?bc=100278441856
70,スカイメイト,2階,2.1万円,1000円,2K,25.92m2,https://suumo.jp/chintai/jnc_000071152931/?bc=100266176121
71,コーポユー,1階,2.1万円,-,1K,23.17m2,https://suumo.jp/chintai/jnc_000075865287/?bc=100291402807
72,コーポエースII,2階,2.2万円,-,1K,22.35m2,https://suumo.jp/chintai/jnc_000073002158/?bc=100275591934
73,メゾンクレオパトラ,2階,2万円,2000円,1K,19.44m2,https://suumo.jp/chintai/jnc_000074874976/?bc=100231833149
74,コーポ2119,2階,2.3万円,-,1DK,36.79m2,https://suumo.jp/chintai/jnc_000036395766/?bc=100276814762
75,メゾンド・ヒグチ,2階,2.2万円,1000円,1K,33m2,https://suumo.jp/chintai/jnc_000066947744/?bc=100242645834
76,メゾンドセリバ,1階,2.3万円,-,1K,25.62m2,https://suumo.jp/chintai/jnc_000062042055/?bc=100217254577
77,メゾンドセリバ,1階,2.3万円,-,1K,25.62m2,https://suumo.jp/chintai/jnc_000064956481/?bc=100231742440
78,コーポさいとう,1階,2.3万円,-,1K,20m2,https://suumo.jp/chintai/jnc_000028208271/?bc=100211650241
79,コーポさいとう,1階,2.3万円,-,1K,20m2,https://suumo.jp/chintai/jnc_000028208270/?bc=100211650243
80,コーポさいとう,2階,2.3万円,-,1K,20m2,https://suumo.jp/chintai/jnc_000028208272/?bc=100211650242
81,コーポさいとう,1階,2.5万円,-,1K,22m2,https://suumo.jp/chintai/jnc_000060942298/?bc=100211650244
82,コーポさいとう,2階,2.5万円,-,1K,22m2,https://suumo.jp/chintai/jnc_000061751721/?bc=100215786211
83,コーポさいとう,2階,2.5万円,-,1K,22m2,https://suumo.jp/chintai/jnc_000036846557/?bc=100110232644
84,見立山ハイツ,2階,2.3万円,-,1K,21.73m2,https://suumo.jp/chintai/jnc_000037241472/?bc=100253382209
85,のぞみ荘,2階,2.3万円,-,1K,20.14m2,https://suumo.jp/chintai/jnc_000062661392/?bc=100220530296
86,グリーンハイツ,2階,2.3万円,-,1K,20m2,https://suumo.jp/chintai/jnc_000028208227/?bc=100073132803
87,桜川グリーンハイツ,2階,2.2万円,1500円,1DK,34.02m2,https://suumo.jp/chintai/jnc_000032189743/?bc=100285832850
88,青森県青森市野内字菊川60-2イーストハイツ,1階,2.3万円,700円,1K,24.5m2,https://suumo.jp/chintai/jnc_000051201497/?bc=100232888972
89,青森県青森市野内字菊川60-2イーストハイツ,2階,2.5万円,700円,1K,24.5m2,https://suumo.jp/chintai/jnc_000065209813/?bc=100165175690
90,ヴィラナリー五戸,5階,2.1万円,3000円,2DK,44.93m2,https://suumo.jp/chintai/jnc_000070962700/?bc=100235762359
91,ヴィラナリー五戸,4階,2.2万円,3000円,2DK,44.93m2,https://suumo.jp/chintai/jnc_000070962699/?bc=100235762297
92,ヴィラナリー五戸,3階,2.3万円,3000円,2DK,44.93m2,https://suumo.jp/chintai/jnc_000074890597/?bc=100245982199
93,ヴィラナリー五戸,2階,2.4万円,3000円,2DK,44.93m2,https://suumo.jp/chintai/jnc_000073096462/?bc=100235743449
94,ハイツ,1階,2.3万円,1000円,2K,36.4m2,https://suumo.jp/chintai/jnc_000065201698/?bc=100285756743
95,ビレッジハウス青森南3号棟,5階,2.4万円,-,2K,33.61m2,https://suumo.jp/chintai/jnc_000075858435/?bc=100291359917
96,ビレッジハウス青森南3号棟,4階,2.5万円,-,2K,33.61m2,https://suumo.jp/chintai/jnc_000075660690/?bc=100290187989
97,ビレッジハウス青森南3号棟,2階,2.9万円,-,2K,33.61m2,https://suumo.jp/chintai/jnc_000075858434/?bc=100291359888
98,S秋田県仙北市田沢湖生保内字久保12-8　1LDK,-,0.6万円,-,1LDK,34.53m2,https://suumo.jp/chintai/jnc_000070248307/?bc=100165251678
99,S秋田県大館市比内町扇田字白砂112-2武田アパート,1階,1.14万円,-,1LDK,35.7m2,https://suumo.jp/chintai/jnc_000070221150/?bc=100255273929
100,ライトコート楢山,3階,2万円,1000円,2K,29.8m2,https://suumo.jp/chintai/jnc_000030922446/?bc=100206564723
101,メープルオーク２,2階,2.1万円,-,1K,20.28m2,https://suumo.jp/chintai/jnc_000074863388/?bc=100285580200
102,メープルオーク２,2階,2.3万円,-,1K,20.28m2,https://suumo.jp/chintai/jnc_000050646914/?bc=100206564197
103,メープルオーク２,1階,2.3万円,-,1K,20.28m2,https://suumo.jp/chintai/jnc_000050646911/?bc=100276099544
104,メープルオーク２,1階,2.6万円,-,1K,20.28m2,https://suumo.jp/chintai/jnc_000075889737/?bc=100251585683
105,ｇｒｅｅｎ　ｈｉｌｌｓ,1階,1.9万円,3000円,1K,24m2,https://suumo.jp/chintai/jnc_000075935622/?bc=100290538105
106,ｇｒｅｅｎ　ｈｉｌｌｓ,1階,1.9万円,3000円,1K,24m2,https://suumo.jp/chintai/jnc_000075935624/?bc=100212484400
107,ｇｒｅｅｎ　ｈｉｌｌｓ,1階,1.9万円,3000円,1K,24m2,https://suumo.jp/chintai/jnc_000075935621/?bc=100260094986
108,ｇｒｅｅｎ　ｈｉｌｌｓ,1階,1.9万円,3000円,1K,24m2,https://suumo.jp/chintai/jnc_000075935623/?bc=100214475054
109,ｇｒｅｅｎ　ｈｉｌｌｓ,2階,1.9万円,3000円,1K,20.7m2,https://suumo.jp/chintai/jnc_000075935620/?bc=100290538138
110,ｇｒｅｅｎ　ｈｉｌｌｓ,1階,2.5万円,2000円,1K,24m2,https://suumo.jp/chintai/jnc_000052268548/?bc=100226453779
111,カルチャーいしだ,1階,2.2万円,-,1K,22.35m2,https://suumo.jp/chintai/jnc_000073479816/?bc=100278365299
112,コーポくわさき,2階,2.2万円,-,1K,18.97m2,https://suumo.jp/chintai/jnc_000049222518/?bc=100261746491
113,コーポくわさき,1階,2.2万円,-,1K,18.97m2,https://suumo.jp/chintai/jnc_000073302973/?bc=100277361307
114,ヴィレッタI,1階,2万円,2000円,1K,17.39m2,https://suumo.jp/chintai/jnc_000032726718/?bc=100273065709
115,ヴィレッタI,2階,2万円,2000円,1K,17.39m2,https://suumo.jp/chintai/jnc_000076085730/?bc=100277021381
116,ヴィレッタI,1階,2.3万円,2000円,1K,17.39m2,https://suumo.jp/chintai/jnc_000074013943/?bc=100285423405
117,ヴィレッタI,2階,2.3万円,2000円,1K,17.39m2,https://suumo.jp/chintai/jnc_000074013944/?bc=100285423431
118,レジデンス山王,3階,2.3万円,-,1K,23m2,https://suumo.jp/chintai/jnc_000076033287/?bc=100287905544
119,ハウスファルコナ,1階,2.3万円,-,1K,21.45m2,https://suumo.jp/chintai/jnc_000074920973/?bc=100285888462
120,コーポ松美東,2階,2.3万円,-,1K,20.7m2,https://suumo.jp/chintai/jnc_000068994214/?bc=100206564782
121,コーポ松美東,2階,2.5万円,-,1K,20.7m2,https://suumo.jp/chintai/jnc_000069751081/?bc=100258391462
122,横森ハイツ,1階,2万円,3000円,1K,19.88m2,https://suumo.jp/chintai/jnc_000053956879/?bc=100238140581
123,横森ハイツ,2階,2万円,3000円,1K,19.88m2,https://suumo.jp/chintai/jnc_000072189261/?bc=100271285686
124,ビレッジハウス清水２号棟,5階,2.4万円,-,2K,33.61m2,https://suumo.jp/chintai/jnc_000065255589/?bc=100290338967
125,ビレッジハウス清水２号棟,3階,2.9万円,-,2K,33.61m2,https://suumo.jp/chintai/jnc_000075145897/?bc=100287209103
126,ビレッジハウス清水２号棟,1階,3万円,-,2K,33.61m2,https://suumo.jp/chintai/jnc_000071650508/?bc=100268553133
127,ビレッジハウス清水２号棟,2階,3万円,-,2K,33.61m2,https://suumo.jp/chintai/jnc_000075644538/?bc=100290093008
128,ＪＲ奥羽本線 湯沢駅 5階建 築47年,5階,2.4万円,-,2K,33.61m2,https://suumo.jp/chintai/jnc_000068519183/?bc=100289946240
129,ＪＲ奥羽本線 湯沢駅 5階建 築47年,3階,2.9万円,-,2K,33.61m2,https://suumo.jp/chintai/jnc_000075265467/?bc=100287960633
130,ＪＲ奥羽本線 湯沢駅 5階建 築47年,1階,3万円,-,2K,33.61m2,https://suumo.jp/chintai/jnc_000072371369/?bc=100272245548
131,ＪＲ奥羽本線 湯沢駅 5階建 築47年,2階,3万円,-,2K,33.61m2,https://suumo.jp/chintai/jnc_000075621235/?bc=100289946239
132,ホワイトボックスI,1階,2.4万円,-,1K,24.01m2,https://suumo.jp/chintai/jnc_000064038280/?bc=100270177531
133,ホワイトボックスI,2階,2.4万円,-,1K,22.35m2,https://suumo.jp/chintai/jnc_000074875090/?bc=100285649150
134,ホワイトボックスI,2階,2.4万円,-,1K,21.53m2,https://suumo.jp/chintai/jnc_000071176920/?bc=100266320882
135,根本アパート,2階,2.5万円,-,2K,38.92m2,https://suumo.jp/chintai/jnc_000040610884/?bc=100291919584
136,高橋平和町アパート,2階,2.5万円,-,2K,34m2,https://suumo.jp/chintai/jnc_000013022481/?bc=100265376420
137,泉コーポ,2階,2.5万円,-,2K,31.03m2,https://suumo.jp/chintai/jnc_000070555127/?bc=100206564325
138,ＪＲ奥羽本線 横手駅 2階建 築31年,1階,2.5万円,-,2K,27.27m2,https://suumo.jp/chintai/jnc_000075935626/?bc=100291870228
139,アーバンハイツＫ,1階,2.5万円,-,1DK,24.75m2,https://suumo.jp/chintai/jnc_000072997565/?bc=100265939872
140,アーバンハイツＫ,1階,2.5万円,-,1DK,24.75m2,https://suumo.jp/chintai/jnc_000068248207/?bc=100250154106
141,アーバンハイツＫ,2階,2.5万円,-,1DK,24.75m2,https://suumo.jp/chintai/jnc_000041967106/?bc=100290193180
142,モン　メゾン,2階,2.3万円,2000円,1K,24.09m2,https://suumo.jp/chintai/jnc_000056482328/?bc=100224977216
143,フェアリーハウス２１,1階,2.5万円,-,1K,23.1m2,https://suumo.jp/chintai/jnc_000024029225/?bc=100271640805
144,レオパレス川元開和町第二,2階,2.5万円,-,1K,20.25m2,https://suumo.jp/chintai/jnc_000023682167/?bc=100275826950
145,レオパレス川元開和町第二,1階,2.5万円,-,1K,20.25m2,https://suumo.jp/chintai/jnc_000045220281/?bc=100290510658
146,レオパレス川元開和町第二,2階,2.5万円,-,1K,20.25m2,https://suumo.jp/chintai/jnc_000031186598/?bc=100266372133
147,ハイツアベニューＡ,2階,2.6万円,-,1DK,24.9m2,https://suumo.jp/chintai/jnc_000013020536/?bc=100206564370
148,コーポサンフラワー,2階,2.6万円,-,1DK,24m2,https://suumo.jp/chintai/jnc_000076144486/?bc=100293126194
149,ホワイトハウス,2階,2.6万円,-,1K,23.18m2,https://suumo.jp/chintai/jnc_000013019906/?bc=100069124806
150,将軍野レジデンス,2階,2.3万円,3000円,1K,19.23m2,https://suumo.jp/chintai/jnc_000071302779/?bc=100239777012
151,将軍野レジデンス,1階,2.3万円,3000円,1K,19.23m2,https://suumo.jp/chintai/jnc_000071302780/?bc=100264719911
152,将軍野レジデンス,2階,2.3万円,3000円,1K,19.23m2,https://suumo.jp/chintai/jnc_000075712597/?bc=100290498737
153,将軍野レジデンス,2階,2.5万円,3000円,1K,19.23m2,https://suumo.jp/chintai/jnc_000018306085/?bc=100244165859
154,ＪＲ奥羽本線 土崎駅 2階建 築32年,2階,2.3万円,3000円,1K,19.23m2,https://suumo.jp/chintai/jnc_000076074823/?bc=100292742939
155,ＪＲ奥羽本線 土崎駅 2階建 築32年,1階,2.3万円,3000円,1K,19.23m2,https://suumo.jp/chintai/jnc_000076074824/?bc=100292742788
156,ＪＲ奥羽本線 土崎駅 2階建 築32年,2階,2.5万円,3000円,1K,19.23m2,https://suumo.jp/chintai/jnc_000076074825/?bc=100292742907
157,エクセレント九番館,2階,2.4万円,2000円,1K,18.24m2,https://suumo.jp/chintai/jnc_000072189260/?bc=100271285682
158,カーサ矢留,2階,2.5万円,2000円,2K,29.7m2,https://suumo.jp/chintai/jnc_000031483969/?bc=100285652526
159,ＪＲ東北本線 仙北町駅 2階建 築46年,1階,1.5万円,-,2K,34.29m2,https://suumo.jp/chintai/jnc_000075800689/?bc=100291046921
160,北陵荘,1階,1.9万円,-,2K,28.99m2,https://suumo.jp/chintai/jnc_000064118049/?bc=100227710588
161,北陵荘,2階,1.9万円,-,2K,26.91m2,https://suumo.jp/chintai/jnc_000067528578/?bc=100227312146
162,ニュータウンハイツ,1階,2万円,-,2K,37.26m2,https://suumo.jp/chintai/jnc_000068789213/?bc=100226396575
163,ニュータウンハイツ,2階,2.5万円,-,2K,37.26m2,https://suumo.jp/chintai/jnc_000060149802/?bc=100271338213
164,コーポうめの木,1階,2万円,-,1K,20.66m2,https://suumo.jp/chintai/jnc_000073397474/?bc=100245802406
165,ハウススイッスル,2階,2万円,-,1K,20.45m2,https://suumo.jp/chintai/jnc_000068694941/?bc=100252585753
166,ハウススイッスル,2階,2万円,-,1K,20.45m2,https://suumo.jp/chintai/jnc_000030603051/?bc=100275697008
167,ハウススイッスル,1階,2万円,-,1K,20.45m2,https://suumo.jp/chintai/jnc_000067620633/?bc=100237899435
168,コーポロイヤルＢ,2階,2万円,-,1K,17.39m2,https://suumo.jp/chintai/jnc_000071802081/?bc=100269276574
169,コーポロイヤルＢ,1階,2万円,-,1K,17.39m2,https://suumo.jp/chintai/jnc_000072249621/?bc=100269276579
170,コーポロイヤルＢ,2階,2万円,-,1K,17.39m2,https://suumo.jp/chintai/jnc_000073177533/?bc=100269202332
171,石留荘,2階,2万円,500円,2K,35.19m2,https://suumo.jp/chintai/jnc_000041110668/?bc=100269680596
172,コーポ大志,2階,2万円,500円,1K,21m2,https://suumo.jp/chintai/jnc_000029111016/?bc=100094279543
173,スカイコーポ,2階,2.1万円,-,2K,34.9m2,https://suumo.jp/chintai/jnc_000075909550/?bc=100230980460
174,スカイコーポ,1階,2.3万円,-,2K,34.9m2,https://suumo.jp/chintai/jnc_000074581600/?bc=100234366671
175,スカイコーポ,1階,2.3万円,-,2K,34.9m2,https://suumo.jp/chintai/jnc_000074581605/?bc=100234366669
176,スカイコーポ,1階,2.3万円,-,2K,34.9m2,https://suumo.jp/chintai/jnc_000074581604/?bc=100234366703
177,スカイコーポ,2階,2.3万円,-,2K,34.9m2,https://suumo.jp/chintai/jnc_000074978232/?bc=100237010275
178,スカイコーポ,2階,2.3万円,-,2K,34.9m2,https://suumo.jp/chintai/jnc_000074581602/?bc=100281135138
179,スカイコーポ,1階,2.3万円,-,2K,34.9m2,https://suumo.jp/chintai/jnc_000074581607/?bc=100234366695
180,スカイコーポ,1階,2.3万円,-,2K,34.9m2,https://suumo.jp/chintai/jnc_000074581597/?bc=100284422919
181,スカイコーポ,1階,2.3万円,-,2K,34.9m2,https://suumo.jp/chintai/jnc_000074581606/?bc=100281135149
182,スカイコーポ,1階,2.3万円,-,2K,34.9m2,https://suumo.jp/chintai/jnc_000074581603/?bc=100234366694
183,スカイコーポ,1階,2.3万円,-,2K,34.9m2,https://suumo.jp/chintai/jnc_000074581598/?bc=100103380325
184,スカイコーポ,2階,2.5万円,-,2K,34.9m2,https://suumo.jp/chintai/jnc_000074581599/?bc=100234366667
185,カレッジハウス,2階,2万円,1000円,1K,23.6m2,https://suumo.jp/chintai/jnc_000072921865/?bc=100268228123
186,キタハウス,2階,2.1万円,-,1K,21.3m2,https://suumo.jp/chintai/jnc_000052220513/?bc=100169983037
187,プチハウスパ－ト１,1階,2万円,1000円,1DK,21.11m2,https://suumo.jp/chintai/jnc_000075517677/?bc=100281077303
188,プチハウスパ－ト１,2階,2.2万円,1000円,1DK,21.11m2,https://suumo.jp/chintai/jnc_000022520716/?bc=100224001547
189,メゾンアイチ,2階,2.1万円,-,1K,20.65m2,https://suumo.jp/chintai/jnc_000070082872/?bc=100260231194
190,メゾンアイチ,2階,2.6万円,-,1K,20.65m2,https://suumo.jp/chintai/jnc_000070082873/?bc=100260231184
191,パレ名須川,1階,1.9万円,2000円,1K,19.87m2,https://suumo.jp/chintai/jnc_000030335983/?bc=100288058145
192,森の樹リンデンバウム,1階,1.9万円,2000円,1K,19.8m2,https://suumo.jp/chintai/jnc_000073999392/?bc=100281348500
193,海岸通り一丁目アパート,2階,2.2万円,-,1K,26.2m2,https://suumo.jp/chintai/jnc_000075952625/?bc=100291983484
194,メゾンソレイユ,2階,2.1万円,1000円,1K,19.87m2,https://suumo.jp/chintai/jnc_000055892239/?bc=100280053969
195,メゾンソレイユ,2階,2.2万円,1000円,1K,23.18m2,https://suumo.jp/chintai/jnc_000058704900/?bc=100280053966
196,コーポＣＱ,2階,2万円,2000円,1K,20.7m2,https://suumo.jp/chintai/jnc_000048682703/?bc=100153914042
197,コーポＣＱ,1階,2万円,3000円,1K,20.7m2,https://suumo.jp/chintai/jnc_000066384001/?bc=100174932587
198,オリエンタルビル,4階,2万円,2000円,1K,19.52m2,https://suumo.jp/chintai/jnc_000073397489/?bc=100238333565
199,のぞみ荘,1階,2.2万円,-,1K,18.25m2,https://suumo.jp/chintai/jnc_000038033210/?bc=100113925450
200,コーポゆきみ,2階,2.3万円,-,1K,20.7m2,https://suumo.jp/chintai/jnc_000053314649/?bc=100175478597
201,リバティ巣子,2階,2.3万円,-,1K,19.87m2,https://suumo.jp/chintai/jnc_000071441204/?bc=100267741208
202,リバティ巣子,2階,2.3万円,-,1K,19.87m2,https://suumo.jp/chintai/jnc_000073606925/?bc=100279029242
203,Ｒｅｍａｋｅ,2階,2.1万円,2000円,1K,18.22m2,https://suumo.jp/chintai/jnc_000076186590/?bc=100293431131
204,レジデンス津志田,2階,2.3万円,1000円,1K,28m2,https://suumo.jp/chintai/jnc_000057504165/?bc=100158691038
205,ドミールド・Ｏ,2階,2.4万円,-,1K,27.33m2,https://suumo.jp/chintai/jnc_000068642366/?bc=100225887793
206,みすずかる,2階,2.4万円,-,1K,24m2,https://suumo.jp/chintai/jnc_000071347445/?bc=100249713741
207,みすずかる,2階,2.4万円,-,1K,24m2,https://suumo.jp/chintai/jnc_000071347444/?bc=100195931734
208,みすずかる,2階,2.4万円,-,1K,24m2,https://suumo.jp/chintai/jnc_000070732339/?bc=100195931748
209,みすずかる,1階,2.4万円,-,1K,24m2,https://suumo.jp/chintai/jnc_000071347443/?bc=100195931744
210,岩手県交通 館向 2階建 築36年,2階,2.4万円,-,1K,24m2,https://suumo.jp/chintai/jnc_000072150023/?bc=100271092296
211,岩手県交通 館向 2階建 築36年,1階,2.4万円,-,1K,24m2,https://suumo.jp/chintai/jnc_000072150022/?bc=100271092288
212,コーポ谷村,2階,2.4万円,-,1K,21.9m2,https://suumo.jp/chintai/jnc_000019378560/?bc=100167556932
213,コーポ谷村,2階,2.4万円,-,1K,21.9m2,https://suumo.jp/chintai/jnc_000072607979/?bc=100273453477
214,コーポ谷村,1階,2.4万円,-,1K,21.9m2,https://suumo.jp/chintai/jnc_000036922161/?bc=100110481240
215,ＪＲ仙山線 山形駅 2階建 築40年,1階,1.5万円,-,1K,23.1m2,https://suumo.jp/chintai/jnc_000037571750/?bc=100284624561
216,ハイツ千代田,2階,1.9万円,-,1K,20.6m2,https://suumo.jp/chintai/jnc_000074246369/?bc=100282459295
217,森谷ドリームハイツI,2階,1.9万円,-,1K,19.8m2,https://suumo.jp/chintai/jnc_000057781763/?bc=100196517849
218,ＪＲ仙山線 山形駅 2階建 築37年,2階,1.9万円,-,1K,18.9m2,https://suumo.jp/chintai/jnc_000070346806/?bc=100277776783
219,相沢アパート,2階,1.9万円,-,1K,17m2,https://suumo.jp/chintai/jnc_000047913782/?bc=100150585711
220,ハウス東原Ａ,1階,2万円,-,1K,22m2,https://suumo.jp/chintai/jnc_000075810534/?bc=100275349300
221,マルナカハイツ,2階,2万円,-,1K,22m2,https://suumo.jp/chintai/jnc_000046385293/?bc=100278762138
222,コーポＡ,2階,2万円,-,1DK,20m2,https://suumo.jp/chintai/jnc_000058452683/?bc=100172436900
223,ＪＲ仙山線 山形駅 2階建 築27年,2階,2万円,-,1DK,19.8m2,https://suumo.jp/chintai/jnc_000071004376/?bc=100289365428
224,ＪＲ仙山線 山形駅 2階建 築36年,1階,2万円,-,1K,18.9m2,https://suumo.jp/chintai/jnc_000073629117/?bc=100288783509
225,アパートメントハウス末広町,1階,2万円,-,1K,17m2,https://suumo.jp/chintai/jnc_000074748718/?bc=100284979259
226,水井アパート,3階,1.8万円,2000円,1K,15m2,https://suumo.jp/chintai/jnc_000046495223/?bc=100193382064
227,ＪＲ仙山線 北山形駅 2階建 築35年,2階,2.1万円,-,1K,19.8m2,https://suumo.jp/chintai/jnc_000073370577/?bc=100290989765
228,サンコーポグリーン,2階,2.2万円,-,1K,26.08m2,https://suumo.jp/chintai/jnc_000073525924/?bc=100278577664
229,レジデンス泉II,4階,2.2万円,-,1K,19.64m2,https://suumo.jp/chintai/jnc_000067561318/?bc=100246120563
230,レジデンス泉II,2階,2.3万円,-,1K,22.48m2,https://suumo.jp/chintai/jnc_000067561313/?bc=100246120577
231,レジデンス泉II,4階,2.3万円,-,1K,21.46m2,https://suumo.jp/chintai/jnc_000067561319/?bc=100246120580
232,レジデンス泉II,2階,2.3万円,-,1K,21.46m2,https://suumo.jp/chintai/jnc_000067561314/?bc=100246120574
233,レジデンス泉II,3階,2.4万円,-,1K,22.48m2,https://suumo.jp/chintai/jnc_000067561315/?bc=100246120554
234,レジデンス泉II,3階,2.4万円,-,1K,22.48m2,https://suumo.jp/chintai/jnc_000073732673/?bc=100279794032
235,レジデンス泉II,3階,2.4万円,-,1K,22.48m2,https://suumo.jp/chintai/jnc_000073732674/?bc=100279794034
236,レジデンス泉II,3階,2.4万円,-,1K,21.46m2,https://suumo.jp/chintai/jnc_000067561316/?bc=100246120590
237,グリーンパルコ青田,1階,2.2万円,-,1K,19.81m2,https://suumo.jp/chintai/jnc_000072321693/?bc=100212845908
238,グリーンパルコ青田,2階,2.3万円,-,1K,19.81m2,https://suumo.jp/chintai/jnc_000072321694/?bc=100187458150
239,コア417,2階,2万円,2000円,1K,18m2,https://suumo.jp/chintai/jnc_000045809609/?bc=100218989662
240,コア417,3階,2.1万円,2000円,1K,18m2,https://suumo.jp/chintai/jnc_000067130154/?bc=100243649619
241,TMコーポラス,2階,2万円,2000円,1K,17.35m2,https://suumo.jp/chintai/jnc_000052726683/?bc=100179653542
242,ホワイトコーポ小白川,2階,2.3万円,-,1K,25.39m2,https://suumo.jp/chintai/jnc_000072955793/?bc=100275349307
243,Bコーポ,1階,2.3万円,-,1DK,25m2,https://suumo.jp/chintai/jnc_000072196022/?bc=100248731329
244,Bコーポ,1階,2.3万円,-,1DK,25m2,https://suumo.jp/chintai/jnc_000072196021/?bc=100271328907
245,シャンコーポＢ棟,1階,2.3万円,-,1K,23.14m2,https://suumo.jp/chintai/jnc_000072758057/?bc=100274268781
246,シャンコーポＢ棟,1階,2.3万円,-,1K,23.14m2,https://suumo.jp/chintai/jnc_000063273934/?bc=100276996530
247,ピエロット七日町,1階,2.1万円,2000円,1K,23m2,https://suumo.jp/chintai/jnc_000063577870/?bc=100225146689
248,シティハウス水井,3階,2.3万円,-,1DK,22m2,https://suumo.jp/chintai/jnc_000074962031/?bc=100277321540
249,シティハウス水井,3階,2.3万円,-,1DK,22m2,https://suumo.jp/chintai/jnc_000074962032/?bc=100277321538
250,リバーハイツ,1階,2.2万円,1000円,1K,21.32m2,https://suumo.jp/chintai/jnc_000076169828/?bc=100293308395
251,グリーンヒルズ,2階,2万円,3000円,1K,21m2,https://suumo.jp/chintai/jnc_000071723152/?bc=100268899421
252,グリーンヒルズ,2階,2万円,3000円,1K,21m2,https://suumo.jp/chintai/jnc_000070049344/?bc=100145364172
253,Wing Court,1階,2.1万円,2000円,1K,20m2,https://suumo.jp/chintai/jnc_000064429938/?bc=100282361149
254,Wing Court,4階,2.1万円,2000円,1K,20m2,https://suumo.jp/chintai/jnc_000075152654/?bc=100287267561
255,ブリーズ武蔵野・I,1階,2.3万円,-,1K,19.87m2,https://suumo.jp/chintai/jnc_000031576704/?bc=100238370356
256,ブリーズ武蔵野・I,2階,2.3万円,-,1K,19.87m2,https://suumo.jp/chintai/jnc_000013025783/?bc=100281426300
257,トータスメゾン,4階,2万円,3000円,1K,18.9m2,https://suumo.jp/chintai/jnc_000068703663/?bc=100213744713
258,トータスメゾン,2階,2.1万円,3000円,1K,18.9m2,https://suumo.jp/chintai/jnc_000074573885/?bc=100281236455
259,エクレール泉　酒田市東泉町1丁目,2階,2.4万円,-,2K,29.75m2,https://suumo.jp/chintai/jnc_000074685241/?bc=100283078297
260,ＪＲ米坂線 南米沢駅 2階建 築38年,2階,2.1万円,3000円,1K,23.18m2,https://suumo.jp/chintai/jnc_000075650086/?bc=100289713261
261,ホームズ香澄,1階,1.4万円,-,1K,17.28m2,https://suumo.jp/chintai/jnc_000053467297/?bc=100284778292
262,ロッジ青葉,2階,1.6万円,1000円,1K,19.8m2,https://suumo.jp/chintai/jnc_000051149422/?bc=100095919158
263,第一朋友ハイツ,2階,1.7万円,-,1K,17.01m2,https://suumo.jp/chintai/jnc_000041539938/?bc=100292150093
264,第一朋友ハイツ,2階,2.5万円,-,1K,17.01m2,https://suumo.jp/chintai/jnc_000058565511/?bc=100292150090
265,アークベース桜木町II,2階,1.6万円,1500円,1K,21m2,https://suumo.jp/chintai/jnc_000031014644/?bc=100206805913
266,コーポサンシャイン,2階,1.6万円,1500円,1K,20m2,https://suumo.jp/chintai/jnc_000075871501/?bc=100291460232
267,ＪＲ東北本線 仙台駅 2階建 築32年,1階,1.8万円,-,1K,22.77m2,https://suumo.jp/chintai/jnc_000073324410/?bc=100277486979
268,ハイツヤヨイ,2階,1.8万円,-,1K,20.61m2,https://suumo.jp/chintai/jnc_000051232487/?bc=100283247096
269,ハイツヤヨイ,1階,1.9万円,-,1K,22.68m2,https://suumo.jp/chintai/jnc_000076157523/?bc=100283247054
270,ハイツヤヨイ,1階,2万円,-,1K,22.37m2,https://suumo.jp/chintai/jnc_000051232484/?bc=100283247132
271,ハウスブルースカイ,2階,1.6万円,2000円,1K,21.87m2,https://suumo.jp/chintai/jnc_000072237518/?bc=100291507453
272,倉持ハイツ,2階,1.8万円,-,1K,19.85m2,https://suumo.jp/chintai/jnc_000073578468/?bc=100283381273
273,ドミトリー青葉,2階,1.8万円,-,1K,19.8m2,https://suumo.jp/chintai/jnc_000030834469/?bc=100095919122
274,ベルグコーポ２号棟,2階,1.8万円,-,1K,17.82m2,https://suumo.jp/chintai/jnc_000067672466/?bc=100286181958
275,仙台市地下鉄東西線 八木山動物公園駅 2階建 築42年,2階,1.55万円,2500円,1K,17.25m2,https://suumo.jp/chintai/jnc_000074997233/?bc=100293355013
276,水の森ヒルズ,2階,1.6万円,2000円,1K,17.2m2,https://suumo.jp/chintai/jnc_000055626244/?bc=100284783906
277,仙台市地下鉄南北線 旭ヶ丘駅 2階建 築34年,2階,1.6万円,2000円,1K,17m2,https://suumo.jp/chintai/jnc_000057282749/?bc=100189519080
278,アップルハウス八木山弥生町,1階,1.8万円,-,1K,16.35m2,https://suumo.jp/chintai/jnc_000072048166/?bc=100283344288
279,アップルハウス八木山弥生町,1階,1.8万円,-,1K,16m2,https://suumo.jp/chintai/jnc_000072048167/?bc=100258034263
280,アップルハウス八木山弥生町,2階,1.8万円,-,1K,16m2,https://suumo.jp/chintai/jnc_000072048168/?bc=100230338002
281,アップルハウス八木山弥生町,2階,1.8万円,-,1K,16m2,https://suumo.jp/chintai/jnc_000074357704/?bc=100283117022
282,ホワイトファミール子平町,1階,1.7万円,2000円,1K,24m2,https://suumo.jp/chintai/jnc_000075786583/?bc=100290975594
283,ホワイトファミール子平町,2階,2.6万円,2000円,1K,27.7m2,https://suumo.jp/chintai/jnc_000021239941/?bc=100289541234
284,ホワイトファミール子平町,2階,2.6万円,2000円,1K,23.77m2,https://suumo.jp/chintai/jnc_000037052978/?bc=100289706229
285,ホワイトファミール子平町,1階,2.6万円,2000円,1K,23.77m2,https://suumo.jp/chintai/jnc_000075733872/?bc=100290628517
286,シャトレーＩ青山,2階,1.9万円,-,1K,23.18m2,https://suumo.jp/chintai/jnc_000060886898/?bc=100272783978
287,コーポ大和,1階,1.9万円,-,1K,22.68m2,https://suumo.jp/chintai/jnc_000073099998/?bc=100283194101
288,コーポ大和,1階,1.9万円,-,1K,21m2,https://suumo.jp/chintai/jnc_000073099997/?bc=100283194999
289,メイ・トランス,1階,1.9万円,-,1K,21.8m2,https://suumo.jp/chintai/jnc_000070799315/?bc=100264450271
290,メイ・トランス,2階,2万円,-,1K,21.8m2,https://suumo.jp/chintai/jnc_000056322840/?bc=100246331529
291,メゾン山の寺,2階,1.8万円,1000円,1K,19.5m2,https://suumo.jp/chintai/jnc_000073795891/?bc=100228649355
292,メゾン双葉ケ丘,2階,1.9万円,-,1K,17.9m2,https://suumo.jp/chintai/jnc_000013003113/?bc=100265786941
293,小松島深松荘,2階,1.9万円,-,1K,17.39m2,https://suumo.jp/chintai/jnc_000071763054/?bc=100284882296
294,小松島深松荘,2階,1.9万円,-,1K,17.39m2,https://suumo.jp/chintai/jnc_000072934260/?bc=100274358363
295,小松島深松荘,2階,1.9万円,-,1K,17.39m2,https://suumo.jp/chintai/jnc_000075541857/?bc=100177044844
296,ＪＲ仙山線 東照宮駅 2階建 築39年,2階,1.9万円,-,1K,17.39m2,https://suumo.jp/chintai/jnc_000075909558/?bc=100291325639
297,エスポワール南光台,1階,1.9万円,-,1K,17m2,https://suumo.jp/chintai/jnc_000076040375/?bc=100292518382
298,ロフティ中山IV,2階,1.7万円,2000円,1K,17m2,https://suumo.jp/chintai/jnc_000070888481/?bc=000083538052
299,市営バス 八木山神社前 2階建 築33年,1階,2万円,-,1K,24.84m2,https://suumo.jp/chintai/jnc_000049149069/?bc=100155932494
300,市営バス 八木山神社前 2階建 築33年,2階,2.2万円,-,1K,24.84m2,https://suumo.jp/chintai/jnc_000068448398/?bc=100155933214
301,グロリアス青葉,2階,1.8万円,2000円,1K,23.1m2,https://suumo.jp/chintai/jnc_000042966134/?bc=100131375649
302,向山サンヒルズ,1階,2万円,-,1K,22.36m2,https://suumo.jp/chintai/jnc_000075273067/?bc=100292222583
303,向山サンヒルズ,1階,2万円,-,1K,22.35m2,https://suumo.jp/chintai/jnc_000061763799/?bc=100288000339
304,向山サンヒルズ,2階,2.5万円,-,1K,22.45m2,https://suumo.jp/chintai/jnc_000039349719/?bc=100238401014
305,向山サンヒルズ,2階,2.5万円,-,1K,21.45m2,https://suumo.jp/chintai/jnc_000023110022/?bc=100264821364
306,向山サンヒルズ,2階,2.5万円,-,1K,20m2,https://suumo.jp/chintai/jnc_000023110021/?bc=100235895296
307,仙台市地下鉄東西線 大町西公園駅 2階建 築32年,1階,2万円,-,1K,22.35m2,https://suumo.jp/chintai/jnc_000075761872/?bc=100290808902
308,仙台市地下鉄東西線 大町西公園駅 2階建 築32年,1階,2万円,-,1K,22.35m2,https://suumo.jp/chintai/jnc_000075761871/?bc=100290809190
309,仙台市地下鉄東西線 大町西公園駅 2階建 築32年,2階,2.5万円,-,1K,21.45m2,https://suumo.jp/chintai/jnc_000039349720/?bc=100284295234
310,仙台市地下鉄東西線 大町西公園駅 2階建 築32年,2階,2.5万円,-,1K,21.45m2,https://suumo.jp/chintai/jnc_000038972662/?bc=100284295237
311,仙台市地下鉄東西線 大町西公園駅 2階建 築32年,2階,2.5万円,-,1K,20m2,https://suumo.jp/chintai/jnc_000023280488/?bc=100244091394
312,エクセル青葉,2階,2万円,-,1K,22.25m2,https://suumo.jp/chintai/jnc_000030834460/?bc=100095919117
313,パレス伏拝,4階,1.15万円,-,1K,18.18m2,https://suumo.jp/chintai/jnc_000074632984/?bc=100279874406
314,パレス伏拝,3階,1.15万円,-,1K,18.18m2,https://suumo.jp/chintai/jnc_000074622108/?bc=100264712629
315,S福島県伊達郡川俣町寺久保112-1　共同住宅,2階,1.26万円,-,2DK,25m2,https://suumo.jp/chintai/jnc_000068975096/?bc=100254125548
316,紅葉ハイツ,1階,1.8万円,-,2K,31.4m2,https://suumo.jp/chintai/jnc_000075232511/?bc=100156718208
317,ＪＲ東北本線 安積永盛駅 2階建 築37年,1階,1.7万円,2000円,1K,21.53m2,https://suumo.jp/chintai/jnc_000076007457/?bc=100281227092
318,林城タウンハウスＤ棟,2階,1.8万円,2000円,1K,21.48m2,https://suumo.jp/chintai/jnc_000072692435/?bc=100273893846
319,林城タウンハウスＤ棟,2階,2.5万円,2000円,2DK,38.84m2,https://suumo.jp/chintai/jnc_000052669274/?bc=100260024297
320,パレス安竜,1階,2万円,-,2K,33.05m2,https://suumo.jp/chintai/jnc_000074774652/?bc=100285093422
321,成松アパート,2階,2万円,-,2K,28.92m2,https://suumo.jp/chintai/jnc_000074780477/?bc=100285142362
322,成松アパート,3階,2.5万円,-,2K,28.92m2,https://suumo.jp/chintai/jnc_000074651886/?bc=100284618412
323,ネオクラウスD,1階,1.8万円,2000円,1K,26m2,https://suumo.jp/chintai/jnc_000074804514/?bc=100225528081
324,ＪＲ東北本線 安積永盛駅 2階建 築41年,1階,1.8万円,2000円,1K,23.19m2,https://suumo.jp/chintai/jnc_000075293949/?bc=100242547967
325,ＪＲ東北本線 安積永盛駅 2階建 築45年,2階,2万円,-,1K,23.19m2,https://suumo.jp/chintai/jnc_000057645102/?bc=100045088060
326,コーポ中村,2階,1.8万円,2000円,1K,23m2,https://suumo.jp/chintai/jnc_000065028267/?bc=100232123291
327,ぷちはうす,1階,2万円,-,1K,22.4m2,https://suumo.jp/chintai/jnc_000074047466/?bc=100257169559
328,ぷちはうす,1階,2万円,-,1K,22.4m2,https://suumo.jp/chintai/jnc_000074047465/?bc=100249251598
329,ＪＲ東北本線 安積永盛駅 2階建 築37年,2階,2万円,-,1K,20m2,https://suumo.jp/chintai/jnc_000067214420/?bc=100013769327
330,ベルコリン郷ケ丘,1階,2万円,-,1K,19.83m2,https://suumo.jp/chintai/jnc_000075780317/?bc=100290924788
331,シャトーキミ,2階,1.8万円,2000円,1K,17.38m2,https://suumo.jp/chintai/jnc_000075952763/?bc=100263729654
332,ＪＲ東北本線 安積永盛駅 3階建 築41年,2階,1.8万円,2000円,1K,17.34m2,https://suumo.jp/chintai/jnc_000075644558/?bc=100290097344
333,福島県会津若松市大戸町芦牧字下タ平1126-3　美好コーポ,1階,2.2万円,-,2DK,38m2,https://suumo.jp/chintai/jnc_000073922335/?bc=100280966383
334,穂積ハイツ,2階,2万円,2000円,2K,36.36m2,https://suumo.jp/chintai/jnc_000075106030/?bc=100286945994
335,プログレス１０,2階,2.2万円,-,1K,20.25m2,https://suumo.jp/chintai/jnc_000073765201/?bc=100280029006
336,コスモハイツII,2階,2.2万円,-,1K,20.01m2,https://suumo.jp/chintai/jnc_000073781429/?bc=100280030913
337,だるまアパ－ト,2階,2.2万円,-,1K,19.8m2,https://suumo.jp/chintai/jnc_000068894027/?bc=100216294491
338,だるまアパ－ト,1階,2.2万円,-,1K,19.8m2,https://suumo.jp/chintai/jnc_000056080936/?bc=100255038182
339,だるまアパ－ト,1階,2.2万円,-,1K,19.8m2,https://suumo.jp/chintai/jnc_000061809123/?bc=100032216098
340,カーサ伏拝,2階,2.1万円,2000円,1K,21.11m2,https://suumo.jp/chintai/jnc_000073552898/?bc=100278721465
341,ヒルズキクヨ,2階,2.2万円,1000円,1K,19.86m2,https://suumo.jp/chintai/jnc_000050673958/?bc=100156718200
342,ヒルズキクヨ,1階,2.2万円,1000円,1K,19.83m2,https://suumo.jp/chintai/jnc_000050673956/?bc=100158784432
343,ＪＲ東北本線 福島駅 7階建 築32年,4階,2万円,3000円,1K,17.27m2,https://suumo.jp/chintai/jnc_000068773156/?bc=100243872024
344,ヒルズビレッジ,2階,2.2万円,2000円,1DK,23.54m2,https://suumo.jp/chintai/jnc_000070248329/?bc=100261188530
345,パレス日出山,1階,2.4万円,-,1K,21.35m2,https://suumo.jp/chintai/jnc_000073227965/?bc=100276893717
346,パレス日出山,1階,2.4万円,-,1K,21m2,https://suumo.jp/chintai/jnc_000073096543/?bc=100206100372
347,パレス日出山,1階,2.4万円,-,1K,21m2,https://suumo.jp/chintai/jnc_000073096542/?bc=100189941395
348,パレス日出山,2階,2.8万円,-,1K,21m2,https://suumo.jp/chintai/jnc_000073096544/?bc=100272556341
349,一丁目コーポ,1階,2.2万円,2000円,1K,19.4m2,https://suumo.jp/chintai/jnc_000075674375/?bc=100284281672
350,一丁目コーポ,2階,2.3万円,2000円,1K,19.4m2,https://suumo.jp/chintai/jnc_000049875814/?bc=100159065775
351,メゾン瀬上,2階,2.3万円,1500円,1K,23.18m2,https://suumo.jp/chintai/jnc_000071281705/?bc=100266849830
352,メゾン瀬上,1階,2.3万円,1500円,1K,23.18m2,https://suumo.jp/chintai/jnc_000042588397/?bc=100266849801
353,プリンスオーロラII,1階,1.88万円,6000円,1K,23m2,https://suumo.jp/chintai/jnc_000075430441/?bc=100288787788
354,プリンスオーロラII,2階,2.3万円,6000円,1K,23m2,https://suumo.jp/chintai/jnc_000075430442/?bc=100288787700
355,プリンスオーロラII,2階,2.3万円,6000円,1K,21.6m2,https://suumo.jp/chintai/jnc_000076169830/?bc=100243411047
356,プリンスオーロラII,3階,2.3万円,6000円,1K,21.6m2,https://suumo.jp/chintai/jnc_000076169831/?bc=100277523544
357,プリンスオーロラI,1階,1.88万円,6000円,1K,23m2,https://suumo.jp/chintai/jnc_000076169829/?bc=100274645877
358,プリンスオーロラI,2階,2.3万円,5000円,1K,23m2,https://suumo.jp/chintai/jnc_000073264605/?bc=100277147617
359,石川県七尾市矢田新町12-1　月岩マンション,2階,1.2万円,-,2K,31.59m2,https://suumo.jp/chintai/jnc_000072672248/?bc=100273798436
360,石川県七尾市矢田新町12-1　月岩マンション,2階,1.2万円,-,1K,24.57m2,https://suumo.jp/chintai/jnc_000056764425/?bc=100191359204
361,アーバンハイム,2階,1万円,3200円,1DK,26m2,https://suumo.jp/chintai/jnc_000075683899/?bc=100290337555
362,ブランシェセブン,2階,1.1万円,2200円,1K,19.83m2,https://suumo.jp/chintai/jnc_000062582143/?bc=100219973023
363,コンヤハイツ,1階,1.4万円,-,1K,19.88m2,https://suumo.jp/chintai/jnc_000013842098/?bc=100103935346
364,コンヤハイツ,1階,1.4万円,-,1K,18.72m2,https://suumo.jp/chintai/jnc_000013842094/?bc=000097291996
365,コーポ寺山,2階,1.2万円,2200円,1K,19.2m2,https://suumo.jp/chintai/jnc_000075813040/?bc=100291128095
366,コーポ寺山,2階,1.2万円,2200円,1K,19.2m2,https://suumo.jp/chintai/jnc_000073223214/?bc=100054952770
367,朝日プラザ菊川,4階,1.5万円,-,1K,15m2,https://suumo.jp/chintai/jnc_000061967982/?bc=100236282910
368,朝日プラザ菊川,3階,1.7万円,-,1K,14.21m2,https://suumo.jp/chintai/jnc_000071922080/?bc=100269864632
369,朝日プラザ菊川,3階,2万円,-,1K,12.44m2,https://suumo.jp/chintai/jnc_000072439347/?bc=100272071467
370,朝日プラザ菊川,4階,3万円,-,1DK,23.98m2,https://suumo.jp/chintai/jnc_000062760911/?bc=100221096083
371,南ハイム,3階,1.3万円,2000円,1K,18.27m2,https://suumo.jp/chintai/jnc_000073431953/?bc=100288519893
372,ヒルサイド４６,2階,1.5万円,-,1K,15.68m2,https://suumo.jp/chintai/jnc_000042012439/?bc=100208640844
373,ヒルサイド４６,2階,1.3万円,3000円,1K,17.41m2,https://suumo.jp/chintai/jnc_000066892479/?bc=100198625513
374,ヒルサイド４６,2階,2万円,-,1K,17.41m2,https://suumo.jp/chintai/jnc_000013842823/?bc=100243179945
375,ヒルサイド４６,2階,2.2万円,3000円,1K,15.68m2,https://suumo.jp/chintai/jnc_000054917238/?bc=100236313860
376,ローズウェル,3階,1.5万円,-,1K,16.2m2,https://suumo.jp/chintai/jnc_000032203370/?bc=100101798153
377,タカセレジデンス,1階,1.5万円,2000円,1K,18.44m2,https://suumo.jp/chintai/jnc_000026326004/?bc=100034664417
378,プチグレイス野々市,1階,1.7万円,-,1K,17.55m2,https://suumo.jp/chintai/jnc_000072340819/?bc=100272076703
379,プチグレイス野々市,1階,1.7万円,-,1K,17.55m2,https://suumo.jp/chintai/jnc_000072340818/?bc=100272076195
380,プチグレイス野々市,1階,1.7万円,-,1K,17.55m2,https://suumo.jp/chintai/jnc_000046462180/?bc=100238637015
381,プチグレイス野々市,1階,1.7万円,-,1K,17.55m2,https://suumo.jp/chintai/jnc_000066210153/?bc=100238648311
382,プチグレイス野々市,1階,1.7万円,-,1K,17.55m2,https://suumo.jp/chintai/jnc_000038397411/?bc=100274329363
383,プチグレイス野々市,2階,1.8万円,-,1K,17.55m2,https://suumo.jp/chintai/jnc_000034110701/?bc=100107796641
384,プチグレイス野々市,2階,1.8万円,-,1K,17.55m2,https://suumo.jp/chintai/jnc_000048106230/?bc=100151502210
385,プチグレイス野々市,2階,1.8万円,-,1K,17.55m2,https://suumo.jp/chintai/jnc_000064797001/?bc=100230951527
386,プチグレイス野々市,3階,1.9万円,-,1K,17.55m2,https://suumo.jp/chintai/jnc_000072340821/?bc=100272081334
387,プチグレイス野々市,3階,1.9万円,-,1K,17.55m2,https://suumo.jp/chintai/jnc_000038378684/?bc=100272080922
388,プチグレイス野々市,3階,1.9万円,-,1K,17.55m2,https://suumo.jp/chintai/jnc_000056452558/?bc=100115110355
389,北陸鉄道石川線 野町駅 2階建 築39年,1階,1.5万円,2000円,1K,17.33m2,https://suumo.jp/chintai/jnc_000040230630/?bc=100261845368
390,コーポM,4階,1.5万円,2700円,1K,16.21m2,https://suumo.jp/chintai/jnc_000069050290/?bc=100254538000
391,北陸鉄道石川線 野町駅 2階建 築48年,2階,1.7万円,1000円,1K,23.1m2,https://suumo.jp/chintai/jnc_000064910312/?bc=100034710060
392,フォレスト宮,1階,1.5万円,3500円,1DK,22.68m2,https://suumo.jp/chintai/jnc_000057106727/?bc=100244407517
393,ハイツラピーン,2階,1.6万円,2500円,1K,21.66m2,https://suumo.jp/chintai/jnc_000062684283/?bc=100220562328
394,柏谷荘,2階,1.7万円,2000円,2K,35.04m2,https://suumo.jp/chintai/jnc_000074382670/?bc=100267440780
395,柏谷荘,2階,2万円,2000円,2K,35.04m2,https://suumo.jp/chintai/jnc_000074382669/?bc=100270200091
396,柏谷荘,1階,2.3万円,2000円,2K,35.04m2,https://suumo.jp/chintai/jnc_000074382668/?bc=100267440778
397,柏谷荘,1階,2.5万円,2000円,2K,35.04m2,https://suumo.jp/chintai/jnc_000075213794/?bc=100287622748
398,柏谷荘,1階,2.5万円,2000円,2K,35.04m2,https://suumo.jp/chintai/jnc_000072227598/?bc=100267440779
399,ビレッジハウス大聖寺1号棟,5階,1.9万円,-,2K,33.54m2,https://suumo.jp/chintai/jnc_000075696698/?bc=100292555630
400,ビレッジハウス大聖寺1号棟,5階,1.9万円,-,2K,33.54m2,https://suumo.jp/chintai/jnc_000075807725/?bc=100291089957
401,ビレッジハウス大聖寺1号棟,5階,2.1万円,-,2K,33.54m2,https://suumo.jp/chintai/jnc_000075696699/?bc=100290407147
402,ビレッジハウス大聖寺1号棟,4階,2.2万円,-,2K,33.54m2,https://suumo.jp/chintai/jnc_000073127905/?bc=100292555620
403,リバーサイド和,2階,1.7万円,2000円,1K,20.45m2,https://suumo.jp/chintai/jnc_000041358781/?bc=100256871457
404,リバーサイド和,2階,2万円,2000円,1K,27.34m2,https://suumo.jp/chintai/jnc_000016302959/?bc=100147278190
405,横山町（八十島）貸家,1階,1.9万円,-,2K,26.44m2,https://suumo.jp/chintai/jnc_000047437788/?bc=100287289723
406,栄屋PLAZA,2階,1.6万円,3000円,1K,26m2,https://suumo.jp/chintai/jnc_000065363788/?bc=100215071696
407,栄屋PLAZA,2階,1.6万円,3000円,1K,20.31m2,https://suumo.jp/chintai/jnc_000065363787/?bc=100107576767
408,栄屋PLAZA,2階,1.6万円,3000円,1K,26m2,https://suumo.jp/chintai/jnc_000065363786/?bc=100076672520
409,バス 桜町 2階建 築34年,2階,1.9万円,-,1K,20m2,https://suumo.jp/chintai/jnc_000043137198/?bc=000084377610
410,パレス緑ヶ丘,1階,1.8万円,1000円,1K,19.66m2,https://suumo.jp/chintai/jnc_000056452520/?bc=100267683439
411,パレス緑ヶ丘,1階,1.8万円,1000円,1K,19.66m2,https://suumo.jp/chintai/jnc_000069851726/?bc=100258926567
412,パレス緑ヶ丘,2階,1.9万円,1000円,1K,19.66m2,https://suumo.jp/chintai/jnc_000073752564/?bc=100258926566
413,パレス緑ヶ丘,2階,1.9万円,1000円,1K,19.66m2,https://suumo.jp/chintai/jnc_000069851727/?bc=100258926565
414,パレス緑ヶ丘,2階,2万円,1000円,1K,19.66m2,https://suumo.jp/chintai/jnc_000073477700/?bc=100280408184
415,パレス緑ヶ丘,2階,2万円,1000円,1K,19.66m2,https://suumo.jp/chintai/jnc_000059646132/?bc=100221718652
416,アリス金沢第三,1階,1.6万円,3000円,1K,18.36m2,https://suumo.jp/chintai/jnc_000055315780/?bc=100286314133
417,アリス金沢第三,2階,1.8万円,3000円,1K,18.36m2,https://suumo.jp/chintai/jnc_000073735336/?bc=100279817014
418,アリス金沢第三,2階,2.2万円,3000円,1K,19.44m2,https://suumo.jp/chintai/jnc_000039230778/?bc=100237442141
419,アルカディア３１　弐番館,2階,1.6万円,3000円,1K,19.04m2,https://suumo.jp/chintai/jnc_000075942836/?bc=100291920473
420,アルカディア３１　弐番館,2階,1.6万円,3000円,1K,19.04m2,https://suumo.jp/chintai/jnc_000063724392/?bc=100225802484
421,コーポ蘭,1階,1.9万円,-,1K,19m2,https://suumo.jp/chintai/jnc_000059433541/?bc=000050835718
422,コーポ蘭,2階,2万円,-,1K,19m2,https://suumo.jp/chintai/jnc_000064816117/?bc=100231020433
423,フォーブル鈴見,2階,1.7万円,2000円,1K,17.5m2,https://suumo.jp/chintai/jnc_000074366217/?bc=100283172996
424,フォーブル鈴見,2階,2.1万円,2000円,1K,17.5m2,https://suumo.jp/chintai/jnc_000054924591/?bc=100084582765
425,フォーブル勝木２,1階,1.7万円,2000円,1K,17.5m2,https://suumo.jp/chintai/jnc_000013842085/?bc=100251811817
426,フォーブル勝木２,2階,1.7万円,2000円,1K,17.5m2,https://suumo.jp/chintai/jnc_000053801130/?bc=100273550658
427,ラフォーレ（小立野）,1階,1.7万円,2000円,1K,16.52m2,https://suumo.jp/chintai/jnc_000070014411/?bc=100259822373
428,フォーブル幸町Ｂ,1階,1.9万円,-,1K,16.25m2,https://suumo.jp/chintai/jnc_000013842166/?bc=000084877634
429,フォーブル幸町Ｂ,1階,1.9万円,-,1K,16.25m2,https://suumo.jp/chintai/jnc_000038775783/?bc=100172454788
430,サンライズコーポ,2階,1.2万円,-,1K,17.39m2,https://suumo.jp/chintai/jnc_000066832164/?bc=100195278315
431,サンライズコーポ,1階,1.2万円,-,1K,17.39m2,https://suumo.jp/chintai/jnc_000066832163/?bc=100140532817
432,サンライズコーポ,2階,1.2万円,-,1K,17.39m2,https://suumo.jp/chintai/jnc_000066832165/?bc=100122843757
433,コーポ小林,2階,1.3万円,-,1K,19.03m2,https://suumo.jp/chintai/jnc_000076097954/?bc=100279076946
434,コーポ富士,1階,1.2万円,1000円,1K,18.63m2,https://suumo.jp/chintai/jnc_000050485042/?bc=000057135725
435,リザアート,1階,1.5万円,-,1K,28.27m2,https://suumo.jp/chintai/jnc_000075807675/?bc=100291095257
436,リザアート,1階,1.5万円,-,1K,28.15m2,https://suumo.jp/chintai/jnc_000053108111/?bc=100271708106
437,ハイツラベンダー,1階,1.25万円,2500円,1K,24.01m2,https://suumo.jp/chintai/jnc_000074738864/?bc=100161810812
438,ハイツラベンダー,1階,1.75万円,2500円,1K,25.67m2,https://suumo.jp/chintai/jnc_000074738865/?bc=100210938713
439,ハイツラベンダー,2階,1.75万円,2500円,1K,25.67m2,https://suumo.jp/chintai/jnc_000074738866/?bc=100282105990
440,ハイツラベンダー,1階,1.75万円,2500円,1K,25.5m2,https://suumo.jp/chintai/jnc_000074745583/?bc=100130250568
441,ハイツラベンダー,1階,2.25万円,2500円,1K,24.01m2,https://suumo.jp/chintai/jnc_000073393398/?bc=100281480500
442,ハイツラベンダー,1階,2.75万円,2500円,1K,25.67m2,https://suumo.jp/chintai/jnc_000060810787/?bc=100281480491
443,砂山ハイツ,2階,1.5万円,-,1K,20m2,https://suumo.jp/chintai/jnc_000075102593/?bc=100274938671
444,コーポアベ,1階,1.5万円,1000円,1K,21.6m2,https://suumo.jp/chintai/jnc_000063897152/?bc=000051689688
445,第二コーポひまわり,1階,1.5万円,1000円,1K,21.5m2,https://suumo.jp/chintai/jnc_000064469450/?bc=000098678343
446,ラスクＢ,2階,1.4万円,2100円,1K,26.08m2,https://suumo.jp/chintai/jnc_000065126936/?bc=100012720673
447,野島ハイツII,1階,1.6万円,400円,1K,23.18m2,https://suumo.jp/chintai/jnc_000073636162/?bc=100279172159
448,野島ハイツII,2階,1.8万円,400円,1K,23.18m2,https://suumo.jp/chintai/jnc_000053108119/?bc=100287500602
449,野島ハイツII,2階,1.8万円,400円,1K,23.18m2,https://suumo.jp/chintai/jnc_000051060662/?bc=100164506714
450,野島ハイツII,2階,1.8万円,400円,1K,23.18m2,https://suumo.jp/chintai/jnc_000069159552/?bc=100255183849
451,新潟交通 グリーン団地前 2階建 築32年,2階,1.5万円,1500円,1K,29.7m2,https://suumo.jp/chintai/jnc_000075715357/?bc=100260560632
452,コーポ小針,2階,1.7万円,-,1K,17.4m2,https://suumo.jp/chintai/jnc_000074807764/?bc=100257506366
453,ＪＲ越後線 内野駅 2階建 築41年,2階,1.7万円,-,1K,17m2,https://suumo.jp/chintai/jnc_000075715362/?bc=100260560640
454,メゾン・モンブラン,2階,1.5万円,2100円,1K,17.01m2,https://suumo.jp/chintai/jnc_000029932220/?bc=100234648965
455,第10みどり,1階,1.7万円,150円,1K,24.01m2,https://suumo.jp/chintai/jnc_000044917444/?bc=100272282919
456,第10みどり,2階,1.8万円,150円,1K,24.01m2,https://suumo.jp/chintai/jnc_000066771118/?bc=100241661979
457,第10みどり,2階,1.8万円,150円,1K,22.34m2,https://suumo.jp/chintai/jnc_000072383322/?bc=100272282905
458,第一太陽コーポ,1階,1.7万円,400円,1K,19.87m2,https://suumo.jp/chintai/jnc_000072383317/?bc=100272282948
459,第一太陽コーポ,2階,1.8万円,400円,1K,19.87m2,https://suumo.jp/chintai/jnc_000044577543/?bc=100261323327
460,ローズハウス,2階,1.7万円,400円,1K,18.21m2,https://suumo.jp/chintai/jnc_000069056487/?bc=100217763249
461,ローズハウス,2階,1.7万円,400円,1K,18.21m2,https://suumo.jp/chintai/jnc_000069056489/?bc=100186591590
462,ローズハウス,2階,1.7万円,400円,1K,18.21m2,https://suumo.jp/chintai/jnc_000069056488/?bc=100218869437
463,コーポ彗星,2階,1.6万円,1500円,1K,21.1m2,https://suumo.jp/chintai/jnc_000056500203/?bc=100238525728
464,ターコイズアパート,2階,1.8万円,-,2K,29.81m2,https://suumo.jp/chintai/jnc_000066437201/?bc=100239451911
465,コーポシーガル,1階,1.8万円,-,1K,23.76m2,https://suumo.jp/chintai/jnc_000022494851/?bc=100257565204
466,ＪＲ越後線 内野駅 2階建 築35年,2階,1.8万円,-,1K,23.1m2,https://suumo.jp/chintai/jnc_000075646995/?bc=100266394436
467,LUNAアズーリ,1階,1.7万円,1000円,1K,22.01m2,https://suumo.jp/chintai/jnc_000071444362/?bc=100258034095
468,林檎館,2階,1.8万円,-,1K,19.83m2,https://suumo.jp/chintai/jnc_000075607506/?bc=100289859665
469,ミキハウスIII,1階,1.8万円,-,1K,19.8m2,https://suumo.jp/chintai/jnc_000071318707/?bc=100267030361
470,ミキハウスIII,2階,1.8万円,-,1K,19.8m2,https://suumo.jp/chintai/jnc_000071318713/?bc=100267030359
471,ミキハウスIII,2階,1.8万円,-,1K,19.8m2,https://suumo.jp/chintai/jnc_000071328924/?bc=100267066836
472,ミキハウスIII,2階,1.8万円,-,1K,19.8m2,https://suumo.jp/chintai/jnc_000071318712/?bc=100267030352
473,ミキハウスIII,2階,1.8万円,-,1K,19.8m2,https://suumo.jp/chintai/jnc_000071318710/?bc=100267030351
474,ミキハウスIII,2階,2.3万円,-,1K,19.8m2,https://suumo.jp/chintai/jnc_000072964597/?bc=100267030343
475,ミキハウスIII,1階,2.3万円,-,1K,19.8m2,https://suumo.jp/chintai/jnc_000072964596/?bc=100267030354
476,ミキハウスIII,2階,3万円,-,1K,19.8m2,https://suumo.jp/chintai/jnc_000072964598/?bc=100267030350
477,ミキハウスIII,1階,3万円,-,1K,19.8m2,https://suumo.jp/chintai/jnc_000071318708/?bc=100267030347
478,ミキハウスIII,1階,3万円,-,1K,19.8m2,https://suumo.jp/chintai/jnc_000071318705/?bc=100267030342
479,ミキハウスIII,1階,3万円,-,1K,19.8m2,https://suumo.jp/chintai/jnc_000071318706/?bc=100267030360
480,第二海山荘,2階,1.8万円,-,1K,19m2,https://suumo.jp/chintai/jnc_000058597974/?bc=100272102595
481,コーポアイビス,1階,1.8万円,-,1K,17.85m2,https://suumo.jp/chintai/jnc_000066186995/?bc=100138904742
482,ベルトピア新潟II,2階,1.8万円,-,1K,17m2,https://suumo.jp/chintai/jnc_000050004624/?bc=100257474162
483,L collection松海が丘,1階,1.8万円,-,1K,16.89m2,https://suumo.jp/chintai/jnc_000050281662/?bc=100292945427
484,L collection松海が丘,2階,2.9万円,-,1K,16.89m2,https://suumo.jp/chintai/jnc_000074315024/?bc=100292945429
485,第９レジデンス,1階,1.8万円,350円,1K,23.19m2,https://suumo.jp/chintai/jnc_000072383331/?bc=100272282917
486,第９レジデンス,1階,1.8万円,350円,1K,23.19m2,https://suumo.jp/chintai/jnc_000072383330/?bc=100272282915
487,第９レジデンス,2階,2.1万円,350円,1K,23.19m2,https://suumo.jp/chintai/jnc_000069164080/?bc=100255183851
488,第９レジデンス,1階,2.1万円,350円,1K,23.19m2,https://suumo.jp/chintai/jnc_000072027056/?bc=100270436639
489,第９レジデンス,2階,2.1万円,350円,1K,23.18m2,https://suumo.jp/chintai/jnc_000072383336/?bc=100272282931
490,第９レジデンス,1階,2.1万円,350円,1K,23.18m2,https://suumo.jp/chintai/jnc_000055987282/?bc=100187833935
491,第９レジデンス,2階,2.3万円,350円,1K,23.19m2,https://suumo.jp/chintai/jnc_000072027057/?bc=100270436666
492,第９レジデンス,2階,2.3万円,350円,1K,23.18m2,https://suumo.jp/chintai/jnc_000072027058/?bc=100270436622
493,第９レジデンス,1階,2.4万円,350円,1K,24.84m2,https://suumo.jp/chintai/jnc_000072383328/?bc=100272282906
494,コーポ青嵐,1階,1.9万円,-,1K,25.92m2,https://suumo.jp/chintai/jnc_000066056165/?bc=100222316988
495,コーポ青嵐,1階,1.9万円,-,1K,23.49m2,https://suumo.jp/chintai/jnc_000066056163/?bc=100208603541
496,ビレッジハウス福光1号棟,5階,1.4万円,-,2K,33.09m2,https://suumo.jp/chintai/jnc_000073305924/?bc=100277746985
497,ビレッジハウス福光1号棟,5階,1.6万円,-,2K,33.09m2,https://suumo.jp/chintai/jnc_000074929924/?bc=100286092493
498,ビレッジハウス福光1号棟,1階,2.3万円,-,2K,33.09m2,https://suumo.jp/chintai/jnc_000074929923/?bc=100285943802
499,ビレッジハウス福光2号棟,5階,1.6万円,-,2K,33.09m2,https://suumo.jp/chintai/jnc_000073305928/?bc=100277747009
500,ビレッジハウス福光2号棟,5階,1.7万円,-,2K,33.09m2,https://suumo.jp/chintai/jnc_000075696690/?bc=100290407222
501,ビレッジハウス福光2号棟,5階,1.7万円,-,2K,33.09m2,https://suumo.jp/chintai/jnc_000075781650/?bc=100290916964
502,まどかハイツ,2階,1.7万円,-,1K,19.5m2,https://suumo.jp/chintai/jnc_000067175089/?bc=100214447159
503,まどかハイツ,3階,1.7万円,-,1K,19.5m2,https://suumo.jp/chintai/jnc_000062725524/?bc=100292379933
504,まどかハイツ,3階,1.8万円,-,1K,19.5m2,https://suumo.jp/chintai/jnc_000075618107/?bc=100289917087
505,ビレッジハウス井波2号棟,5階,1.8万円,-,2K,33.54m2,https://suumo.jp/chintai/jnc_000074777015/?bc=100285097865
506,ビレッジハウス井波2号棟,3階,2.1万円,-,2K,33.54m2,https://suumo.jp/chintai/jnc_000074777013/?bc=100285097859
507,ビレッジハウス井波2号棟,3階,2.2万円,-,2K,33.54m2,https://suumo.jp/chintai/jnc_000074777014/?bc=100285097868
508,ビレッジハウス井波2号棟,1階,2.5万円,-,2K,33.54m2,https://suumo.jp/chintai/jnc_000074777012/?bc=100285097863
509,ＡＫＩＢＡハイツ１号棟,1階,1.9万円,-,1K,21.94m2,https://suumo.jp/chintai/jnc_000065404727/?bc=100213052937
510,高岡メゾンオークラ,2階,1.7万円,2900円,1K,20.52m2,https://suumo.jp/chintai/jnc_000072937152/?bc=100225253600
511,ビレッジハウス井波1号棟,5階,2万円,-,2K,33.54m2,https://suumo.jp/chintai/jnc_000061749109/?bc=100286092433
512,ビレッジハウス井波1号棟,4階,2.1万円,-,2K,33.54m2,https://suumo.jp/chintai/jnc_000074386632/?bc=100283531102
513,ビレッジハウス井波1号棟,3階,2.1万円,-,2K,28.98m2,https://suumo.jp/chintai/jnc_000075208227/?bc=100287616794
514,ビレッジハウス井波1号棟,3階,2.2万円,-,2K,28.98m2,https://suumo.jp/chintai/jnc_000074981421/?bc=100286251080
515,ビレッジハウス井波1号棟,1階,2.4万円,-,2K,33.54m2,https://suumo.jp/chintai/jnc_000074777011/?bc=100285097867
516,レジデンスアポロン,1階,2万円,-,1K,21.62m2,https://suumo.jp/chintai/jnc_000075413425/?bc=100261971070
517,レジデンスアポロン,1階,2.3万円,-,1K,21.62m2,https://suumo.jp/chintai/jnc_000072952323/?bc=100261970856
518,レジデンスアポロン,4階,2.3万円,-,1K,21.62m2,https://suumo.jp/chintai/jnc_000072952333/?bc=100275302373
519,レジデンスアポロン,1階,2.3万円,-,1K,21.62m2,https://suumo.jp/chintai/jnc_000072952321/?bc=100262033425
520,レジデンスアポロン,2階,2.3万円,-,1K,21.62m2,https://suumo.jp/chintai/jnc_000072952326/?bc=100266798729
521,レジデンスアポロン,2階,2.3万円,-,1K,21.62m2,https://suumo.jp/chintai/jnc_000075955558/?bc=100292000605
522,レジデンスアポロン,3階,2.3万円,-,1K,21.62m2,https://suumo.jp/chintai/jnc_000072952330/?bc=100266798701
523,レジデンスアポロン,3階,2.3万円,-,1K,21.62m2,https://suumo.jp/chintai/jnc_000072952328/?bc=100262033411
524,レジデンスアポロン,2階,2.3万円,-,1K,21.62m2,https://suumo.jp/chintai/jnc_000072952324/?bc=100261970957
525,レジデンスアポロン,4階,2.5万円,-,1K,21.62m2,https://suumo.jp/chintai/jnc_000072952331/?bc=100275302379
526,レジデンスアポロン,2階,2.5万円,-,1K,21.62m2,https://suumo.jp/chintai/jnc_000075413426/?bc=100288709990
527,レジデンスアポロン,2階,2.5万円,-,1K,21.62m2,https://suumo.jp/chintai/jnc_000072952325/?bc=100275302380
528,シャンティ・デート,1階,1.8万円,2000円,1K,21.6m2,https://suumo.jp/chintai/jnc_000071878196/?bc=100269630223
529,ラフィネ東町,2階,1.8万円,2000円,1K,18.72m2,https://suumo.jp/chintai/jnc_000024021613/?bc=100210289141
530,ラフィネ東町,1階,2万円,2000円,1K,21.28m2,https://suumo.jp/chintai/jnc_000045415269/?bc=100141023237
531,ラフィネ東町,2階,2万円,2000円,1K,19.98m2,https://suumo.jp/chintai/jnc_000041997833/?bc=100238332079
532,ラフィネ東町,3階,2万円,2000円,1K,19.42m2,https://suumo.jp/chintai/jnc_000042121980/?bc=100228719286
533,まどかハイツ,1階,2万円,-,1K,21.08m2,https://suumo.jp/chintai/jnc_000033284017/?bc=100186710211
534,ハッピーハイツ,3階,2万円,-,1K,20.44m2,https://suumo.jp/chintai/jnc_000065689295/?bc=100235802611
535,コーポフレンズ,2階,1.7万円,3000円,1K,19.61m2,https://suumo.jp/chintai/jnc_000039555818/?bc=100256512020
536,コーポフレンズ,2階,1.7万円,3000円,1K,19.61m2,https://suumo.jp/chintai/jnc_000039555819/?bc=100268191925
537,サントピア北代,1階,2万円,-,1K,18.73m2,https://suumo.jp/chintai/jnc_000055803023/?bc=100241647519
538,サントピア北代,2階,2.1万円,-,1K,18.73m2,https://suumo.jp/chintai/jnc_000053989717/?bc=100277978682
539,サントピア北代,2階,2.3万円,-,1K,18.73m2,https://suumo.jp/chintai/jnc_000055026083/?bc=100161817617
540,グランデ大山,4階,1.9万円,2000円,1K,30.78m2,https://suumo.jp/chintai/jnc_000069642347/?bc=100230684819
541,グランデ大山,4階,1.9万円,2000円,1K,30.78m2,https://suumo.jp/chintai/jnc_000069669646/?bc=100283834907
542,ビレッジハウス小矢部1号棟,4階,2.1万円,-,2K,28.98m2,https://suumo.jp/chintai/jnc_000076077351/?bc=100292747786
543,ビレッジハウス小矢部1号棟,1階,2.8万円,-,2K,28.98m2,https://suumo.jp/chintai/jnc_000047053218/?bc=100283531106
544,ビレッジハウス小矢部2号棟,4階,2.1万円,-,2K,28.98m2,https://suumo.jp/chintai/jnc_000075993359/?bc=100292549632
545,羽広ハイツ,2階,1.9万円,2000円,1K,28.84m2,https://suumo.jp/chintai/jnc_000054080339/?bc=100271040658
546,アーバン１,3階,1.8万円,3000円,1K,25.35m2,https://suumo.jp/chintai/jnc_000070723972/?bc=100262003609
547,レジデンスたか,4階,1.9万円,2000円,1K,22m2,https://suumo.jp/chintai/jnc_000056711586/?bc=100249474435
548,レジデンスたか,2階,1.9万円,2000円,1K,22m2,https://suumo.jp/chintai/jnc_000056429470/?bc=100287452771
549,ＪＲ高山本線 西富山駅 4階建 築40年,2階,1.9万円,2000円,1K,22m2,https://suumo.jp/chintai/jnc_000056436527/?bc=100259011377
550,ＪＲ高山本線 西富山駅 4階建 築40年,4階,1.9万円,2000円,1K,22m2,https://suumo.jp/chintai/jnc_000057298338/?bc=100194074890
551,ボルファートＢＢ,2階,1.9万円,2000円,1K,21.27m2,https://suumo.jp/chintai/jnc_000072495030/?bc=100270893321
552,ボルファートＢＢ,3階,2.4万円,2000円,1K,21.27m2,https://suumo.jp/chintai/jnc_000072495031/?bc=100270893287
553,ボルファートＢＢ,2階,2.4万円,2000円,1K,21.27m2,https://suumo.jp/chintai/jnc_000072495032/?bc=100270893318
554,ボルファートＢＢ,2階,2.4万円,2000円,1K,21.27m2,https://suumo.jp/chintai/jnc_000074222213/?bc=100282284165
555,ＪＲ高山本線 西富山駅 2階建 築29年,1階,1.9万円,2000円,1K,21m2,https://suumo.jp/chintai/jnc_000070534337/?bc=100262760223
556,Ｊハイツ,2階,1.8万円,3000円,1K,18.36m2,https://suumo.jp/chintai/jnc_000042579606/?bc=100228331712
557,Ｌａ　ｖｉｔａ五福,1階,1.8万円,3000円,1K,15.6m2,https://suumo.jp/chintai/jnc_000074427536/?bc=100283570492
558,Ｌａ　ｖｉｔａ五福,3階,1.8万円,3000円,1K,15.6m2,https://suumo.jp/chintai/jnc_000073808511/?bc=100280241914
559,Ｌａ　ｖｉｔａ五福,4階,1.8万円,3000円,1K,15.6m2,https://suumo.jp/chintai/jnc_000073808512/?bc=100280241892
560,富山地鉄富山市内線 富山大学前駅 4階建 築44年,3階,1.8万円,3000円,1K,15.6m2,https://suumo.jp/chintai/jnc_000073250448/?bc=100277026540
561,富山地鉄富山市内線 富山大学前駅 4階建 築44年,1階,1.8万円,3000円,1K,15.6m2,https://suumo.jp/chintai/jnc_000073851993/?bc=100280511105
562,富山地鉄富山市内線 富山大学前駅 4階建 築44年,3階,1.8万円,3000円,1K,15.6m2,https://suumo.jp/chintai/jnc_000069693386/?bc=100259011456
563,富山地鉄富山市内線 富山大学前駅 4階建 築44年,4階,1.8万円,3000円,1K,15.6m2,https://suumo.jp/chintai/jnc_000073250449/?bc=100277026590
564,富山地鉄富山市内線 富山大学前駅 4階建 築44年,4階,1.8万円,3000円,1K,15.6m2,https://suumo.jp/chintai/jnc_000069693388/?bc=100259011381
565,コーポフィーリング,1階,2万円,2000円,1K,25m2,https://suumo.jp/chintai/jnc_000036716291/?bc=100284218244
566,コーポフィーリング,2階,2万円,2000円,1K,25m2,https://suumo.jp/chintai/jnc_000036695490/?bc=100283923266
567,マイルーム戸出,1階,1.9万円,3000円,1K,23.18m2,https://suumo.jp/chintai/jnc_000075845315/?bc=100270893256
568,マイルーム戸出,2階,2.2万円,3000円,1K,23.18m2,https://suumo.jp/chintai/jnc_000070723971/?bc=100243526303
569,コーポレーション荏原,2階,2万円,2000円,1K,23.1m2,https://suumo.jp/chintai/jnc_000061641542/?bc=100250201773
570,コーポ与志乃,2階,1.9万円,3000円,1K,21.3m2,https://suumo.jp/chintai/jnc_000066338222/?bc=100238741200
571,コーポ与志乃,2階,2.2万円,3000円,1K,21.3m2,https://suumo.jp/chintai/jnc_000072773794/?bc=100274333025
572,ビレッジハウス西春近1号棟,5階,1.3万円,-,2K,33.61m2,https://suumo.jp/chintai/jnc_000074141683/?bc=100278494201
573,ビレッジハウス西春近1号棟,4階,1.5万円,-,2K,33.61m2,https://suumo.jp/chintai/jnc_000075379001/?bc=100288512668
574,ビレッジハウス西春近1号棟,3階,1.7万円,-,2K,33.61m2,https://suumo.jp/chintai/jnc_000075379000/?bc=100288512665
575,泉ハイツ,1階,1.35万円,-,1K,28.98m2,https://suumo.jp/chintai/jnc_000059471738/?bc=100284889869
576,泉ハイツ,1階,1.35万円,-,1K,23.18m2,https://suumo.jp/chintai/jnc_000056967500/?bc=100291847192
577,泉ハイツ,1階,1.4万円,-,1K,21.87m2,https://suumo.jp/chintai/jnc_000028532244/?bc=100284243772
578,金原荘,2階,1.5万円,-,2K,34.02m2,https://suumo.jp/chintai/jnc_000074705058/?bc=100284737532
579,ＪＲ飯田線 伊那北駅 2階建 築35年,1階,1.5万円,-,1K,23.1m2,https://suumo.jp/chintai/jnc_000066587065/?bc=100290446978
580,レイクビュー,2階,1.5万円,-,1K,16.87m2,https://suumo.jp/chintai/jnc_000070112069/?bc=100266570268
581,レイクビュー,2階,1.5万円,-,1K,16.87m2,https://suumo.jp/chintai/jnc_000070131469/?bc=100266570415
582,キャッスルピア,1階,1.5万円,-,1K,16.8m2,https://suumo.jp/chintai/jnc_000065251756/?bc=100292312134
583,キャッスルピア,1階,1.5万円,-,1K,16.8m2,https://suumo.jp/chintai/jnc_000052752922/?bc=100288694890
584,ＪＲ信越本線 長野駅 2階建 築33年,2階,1.6万円,-,1K,19m2,https://suumo.jp/chintai/jnc_000074169409/?bc=100281976204
585,ホワイトパレス,2階,1.7万円,-,1K,19m2,https://suumo.jp/chintai/jnc_000070501744/?bc=100193259594
586,ホワイトパレス,1階,1.7万円,-,1K,19m2,https://suumo.jp/chintai/jnc_000074459815/?bc=100283767018
587,メイプルハウス,1階,1.5万円,2000円,1K,17.39m2,https://suumo.jp/chintai/jnc_000072946827/?bc=100274706959
588,朝路荘,2階,1.5万円,2200円,2DK,40.5m2,https://suumo.jp/chintai/jnc_000075175662/?bc=100264089598
589,朝路荘,2階,1.5万円,2200円,2DK,40.5m2,https://suumo.jp/chintai/jnc_000075175665/?bc=100287405605
590,朝路荘,2階,1.5万円,2200円,2DK,40.5m2,https://suumo.jp/chintai/jnc_000075175664/?bc=100270273315
591,朝路荘,1階,1.5万円,2200円,2DK,40.5m2,https://suumo.jp/chintai/jnc_000075175663/?bc=100263372159
592,ＪＲ飯田線 伊那北駅 2階建 築35年,1階,1.75万円,-,1K,18m2,https://suumo.jp/chintai/jnc_000073522635/?bc=100278542439
593,クレール伊北,2階,1.8万円,-,1K,22.1m2,https://suumo.jp/chintai/jnc_000075142881/?bc=100287201920
594,ビレッジハウス川岸　１号棟,2階,1.9万円,-,2K,33.54m2,https://suumo.jp/chintai/jnc_000055200796/?bc=100278931518
595,ビレッジハウス川岸　１号棟,3階,2.1万円,-,2K,33.54m2,https://suumo.jp/chintai/jnc_000076184926/?bc=100293407971
596,コーポハラ,2階,1.9万円,-,1K,26.49m2,https://suumo.jp/chintai/jnc_000072059482/?bc=100270618522
597,コーポハラ,2階,2.5万円,-,1K,26.49m2,https://suumo.jp/chintai/jnc_000026279911/?bc=100256206047
598,コーポハラ,2階,2.7万円,-,1K,29.75m2,https://suumo.jp/chintai/jnc_000075658875/?bc=100290178116
599,ハイシティー,2階,1.9万円,-,1K,24.8m2,https://suumo.jp/chintai/jnc_000063164019/?bc=100288220005
600,ハイシティー,5階,1.9万円,-,1K,24.8m2,https://suumo.jp/chintai/jnc_000060580358/?bc=100288219900
601,ハイシティー,4階,1.9万円,-,1K,24.8m2,https://suumo.jp/chintai/jnc_000060580357/?bc=100288219922
602,ハイシティー,5階,1.9万円,-,1K,24.8m2,https://suumo.jp/chintai/jnc_000068824698/?bc=100291232529
603,ハイシティー,5階,1.9万円,-,1K,24.8m2,https://suumo.jp/chintai/jnc_000064803681/?bc=100291232519
604,ハイシティー,5階,1.9万円,2000円,1K,24.8m2,https://suumo.jp/chintai/jnc_000074757250/?bc=100288219961
605,ハイシティー,2階,1.9万円,2000円,1K,24.8m2,https://suumo.jp/chintai/jnc_000013874895/?bc=100288219966
606,ハイシティー,3階,1.9万円,2000円,1K,24.8m2,https://suumo.jp/chintai/jnc_000069655351/?bc=100288219892
607,グリーンピア,1階,1.9万円,-,1K,23.2m2,https://suumo.jp/chintai/jnc_000076151302/?bc=100293179680
608,生山荘,1階,1.7万円,2000円,1K,21.53m2,https://suumo.jp/chintai/jnc_000046229732/?bc=100278239589
609,コスモパレス,1階,1.9万円,-,1K,19.8m2,https://suumo.jp/chintai/jnc_000073648456/?bc=100279265810
610,プリマベーラ,1階,1.9万円,-,1K,13m2,https://suumo.jp/chintai/jnc_000073088163/?bc=100268533528
611,プリマベーラ,2階,2万円,1000円,1K,13m2,https://suumo.jp/chintai/jnc_000073088164/?bc=100257223801
612,プリマベーラ,1階,2.3万円,1000円,1K,13m2,https://suumo.jp/chintai/jnc_000016023282/?bc=100290542164
613,プリマベーラ,2階,2.7万円,1000円,1K,13m2,https://suumo.jp/chintai/jnc_000016840819/?bc=100230943417
614,プリマベーラ,2階,2.7万円,1000円,1K,13m2,https://suumo.jp/chintai/jnc_000073133965/?bc=100276367684
615,浜アパートＡ,1階,1.9万円,830円,1K,21.53m2,https://suumo.jp/chintai/jnc_000072098592/?bc=100270803471
616,浜アパートＡ,2階,1.9万円,830円,1K,21.53m2,https://suumo.jp/chintai/jnc_000072098590/?bc=100270803469
617,浜アパートＡ,1階,1.9万円,830円,1K,21.53m2,https://suumo.jp/chintai/jnc_000072098593/?bc=100270803498
618,浜アパートＡ,1階,1.9万円,830円,1K,21.53m2,https://suumo.jp/chintai/jnc_000072098594/?bc=100270803501
619,浜アパートＡ,2階,1.9万円,830円,1K,21.53m2,https://suumo.jp/chintai/jnc_000072098589/?bc=100270803496
620,浜アパートＡ,2階,1.9万円,830円,1K,21.53m2,https://suumo.jp/chintai/jnc_000072098595/?bc=100270803495
621,浜アパートＡ,2階,1.9万円,830円,1K,21.53m2,https://suumo.jp/chintai/jnc_000072098591/?bc=100270803493
622,松風荘,1-2階,2万円,-,2DK,45.6m2,https://suumo.jp/chintai/jnc_000013872907/?bc=100290045006
623,すみれ荘,2階,2万円,-,2K,33m2,https://suumo.jp/chintai/jnc_000022623999/?bc=100148731900
624,みのわアパート,1階,2万円,-,1K,29.7m2,https://suumo.jp/chintai/jnc_000067843011/?bc=100202951442
625,みのわアパート,1階,2万円,-,1K,29.7m2,https://suumo.jp/chintai/jnc_000067843010/?bc=100247813149
626,みのわアパート,2階,3万円,-,2DK,31.4m2,https://suumo.jp/chintai/jnc_000031017947/?bc=100172423593
627,みのわアパート,2階,3万円,-,2DK,31.4m2,https://suumo.jp/chintai/jnc_000073942149/?bc=100180285323
628,メゾンド泉I,2階,2万円,-,1K,28.9m2,https://suumo.jp/chintai/jnc_000032128334/?bc=100215201926
629,メゾンド泉I,1階,2万円,-,1K,28.9m2,https://suumo.jp/chintai/jnc_000064034134/?bc=100227312415
630,メゾンド泉I,1階,2万円,-,1K,28.9m2,https://suumo.jp/chintai/jnc_000031211802/?bc=100184128720
631,メゾンド泉I,2階,2万円,-,1K,28.9m2,https://suumo.jp/chintai/jnc_000032128333/?bc=100215202008
632,メゾンド泉I,2階,2.5万円,-,1K,28.9m2,https://suumo.jp/chintai/jnc_000013874218/?bc=100215201944
633,グリーンハイツイゲタヤ,2階,2万円,-,1K,26.4m2,https://suumo.jp/chintai/jnc_000013879322/?bc=100259295478
634,グリーンハイツイゲタヤ,2階,2万円,-,1K,26.4m2,https://suumo.jp/chintai/jnc_000065351947/?bc=100233938831
635,ますやアパート,1階,2万円,-,1K,26m2,https://suumo.jp/chintai/jnc_000075759408/?bc=100290791589
636,グリーンパーク,1階,1.8万円,2000円,1K,24.8m2,https://suumo.jp/chintai/jnc_000049145860/?bc=100155928281
637,グリーンパーク,1階,1.8万円,2000円,1K,24.8m2,https://suumo.jp/chintai/jnc_000013874188/?bc=100054591135
638,グリーンパーク,1階,1.8万円,2000円,1K,24.8m2,https://suumo.jp/chintai/jnc_000066669632/?bc=100241130768
639,清水アパート,1階,2万円,-,1K,23.22m2,https://suumo.jp/chintai/jnc_000074476492/?bc=100283835224
640,東町荘,2階,2万円,-,2K,23.21m2,https://suumo.jp/chintai/jnc_000064910427/?bc=100231548244
641,ロイヤル２１,2階,1.7万円,3000円,1K,23.1m2,https://suumo.jp/chintai/jnc_000049694526/?bc=100264110463
642,ロイヤル２１,2階,1.7万円,3000円,1K,23.1m2,https://suumo.jp/chintai/jnc_000044832728/?bc=100136460243
643,ロイヤル２１,6階,1.7万円,3000円,1K,23.1m2,https://suumo.jp/chintai/jnc_000054840134/?bc=100284386168
644,川西ハイツ,2階,2万円,-,1K,21m2,https://suumo.jp/chintai/jnc_000071974947/?bc=100270190217
645,川西ハイツ,1階,2万円,-,1K,21m2,https://suumo.jp/chintai/jnc_000070339813/?bc=100261659598
646,四ツ居エンビイハイツ,4階,2万円,-,1K,15.69m2,https://suumo.jp/chintai/jnc_000036404572/?bc=100275676607
647,四ツ居エンビイハイツ,4階,2.6万円,-,1K,19.08m2,https://suumo.jp/chintai/jnc_000016562144/?bc=100262906279
648,四ツ居エンビイハイツ,3階,2.6万円,-,1K,19.08m2,https://suumo.jp/chintai/jnc_000028684368/?bc=100262906282
649,四ツ居エンビイハイツ,4階,2.6万円,-,1K,19.08m2,https://suumo.jp/chintai/jnc_000016562145/?bc=100272783980
650,信開ウエラコート足羽,1階,1.6万円,4000円,1K,15.22m2,https://suumo.jp/chintai/jnc_000066037286/?bc=100230432905
651,信開ウエラコート足羽,4階,2.5万円,4000円,1K,15.22m2,https://suumo.jp/chintai/jnc_000069533924/?bc=100255348467
652,信開ウエラコート足羽,3階,2.5万円,4000円,1K,15.22m2,https://suumo.jp/chintai/jnc_000072395198/?bc=100271288581
653,サン・ビレッジ辻久,3階,1.9万円,2000円,1K,18.1m2,https://suumo.jp/chintai/jnc_000057445463/?bc=100284438536
654,サン・ビレッジ辻久,1階,2万円,2000円,1K,18.1m2,https://suumo.jp/chintai/jnc_000046027018/?bc=100279512267
655,Ｕコーポ,2階,2.2万円,-,1K,24.87m2,https://suumo.jp/chintai/jnc_000072539240/?bc=100273344694
656,コーポホリタ,3階,2.2万円,-,1K,22.5m2,https://suumo.jp/chintai/jnc_000063444989/?bc=100224884420
657,三信コーポ,3階,2.2万円,-,1K,20.98m2,https://suumo.jp/chintai/jnc_000070083836/?bc=100078998819
658,西方レジデンス,1階,1.9万円,3000円,1K,20.14m2,https://suumo.jp/chintai/jnc_000074466051/?bc=100291570170
659,信開トピア足羽,5階,1.9万円,5000円,1K,15.63m2,https://suumo.jp/chintai/jnc_000017924222/?bc=100227614433
660,信開トピア足羽,4階,2万円,5000円,1K,18.22m2,https://suumo.jp/chintai/jnc_000013849939/?bc=100231652080
661,信開トピア足羽,4階,2万円,5000円,1K,17.7m2,https://suumo.jp/chintai/jnc_000073641211/?bc=100279207861
662,信開トピア足羽,6階,2.2万円,5000円,1K,15.63m2,https://suumo.jp/chintai/jnc_000065982091/?bc=100223967294
663,信開トピア足羽,2階,2.4万円,6000円,1K,26.89m2,https://suumo.jp/chintai/jnc_000074278435/?bc=100282660282
664,メゾンブランシュ,2階,2.1万円,3000円,1K,23m2,https://suumo.jp/chintai/jnc_000070744298/?bc=100264022229
665,メゾンブランシュ,2階,2.1万円,3000円,1K,23m2,https://suumo.jp/chintai/jnc_000073585885/?bc=100272786827
666,メゾンブランシュ,2階,2.1万円,3000円,1K,23m2,https://suumo.jp/chintai/jnc_000046126898/?bc=100270777345
667,メゾンブランシュ,1階,2.1万円,3000円,1K,23m2,https://suumo.jp/chintai/jnc_000073735347/?bc=100271196260
668,サンライズ二の宮,2階,2.45万円,-,1DK,30.6m2,https://suumo.jp/chintai/jnc_000072632192/?bc=100273537603
669,南京貸家,1階,2.5万円,-,2K,40m2,https://suumo.jp/chintai/jnc_000075478904/?bc=100289059004
670,コーポヤシロ南,2階,2.5万円,-,1K,26.6m2,https://suumo.jp/chintai/jnc_000075012240/?bc=100286403515
671,コーポヤシロ南,2階,3万円,-,1DK,32.3m2,https://suumo.jp/chintai/jnc_000075012241/?bc=100286402010
672,コーポラス円山,3階,2.5万円,-,1K,25.92m2,https://suumo.jp/chintai/jnc_000056527027/?bc=100288166234
673,ピーチジョー県大,2階,2.2万円,3000円,1DK,22m2,https://suumo.jp/chintai/jnc_000074793392/?bc=100285170882
674,渡辺ハイツ,1階,2.5万円,-,1K,21.88m2,https://suumo.jp/chintai/jnc_000023675263/?bc=100010020245
675,アーバンヒム,2階,2.5万円,-,1K,21m2,https://suumo.jp/chintai/jnc_000054938748/?bc=100282258138
676,アーバンヒム,3階,2.5万円,-,1K,21m2,https://suumo.jp/chintai/jnc_000045851869/?bc=100286700913
677,アーバンヒム,2階,2.5万円,-,1K,21m2,https://suumo.jp/chintai/jnc_000039133204/?bc=100285215955
678,リネンハイツ,3階,2.5万円,-,1K,20.6m2,https://suumo.jp/chintai/jnc_000066413284/?bc=100239728071
679,花月レジデンス,1階,2.5万円,-,1K,20.05m2,https://suumo.jp/chintai/jnc_000075471978/?bc=100289040511
680,西木田コーポ,1階,2.5万円,-,1K,20m2,https://suumo.jp/chintai/jnc_000037268614/?bc=100265923511
681,西木田コーポ,1階,2.5万円,-,1K,20m2,https://suumo.jp/chintai/jnc_000037268615/?bc=100024161754
682,光陽キャンパス,2階,2.5万円,-,1K,19.87m2,https://suumo.jp/chintai/jnc_000025265998/?bc=100010900943
683,信開トピア足羽,7階,2.5万円,-,1K,18.22m2,https://suumo.jp/chintai/jnc_000074371379/?bc=100270133602
684,信開トピア足羽,3階,2.5万円,-,1K,15.63m2,https://suumo.jp/chintai/jnc_000074371375/?bc=100270133607
685,信開トピア足羽,5階,2.5万円,-,1K,15.63m2,https://suumo.jp/chintai/jnc_000074371376/?bc=100270133604
686,信開トピア足羽,5階,2.9万円,-,1K,18.22m2,https://suumo.jp/chintai/jnc_000074371378/?bc=100270133610
687,信開トピア足羽,5階,2.9万円,-,1K,15.63m2,https://suumo.jp/chintai/jnc_000074371377/?bc=100270133611
688,ビレッジハウス北金津1号棟,5階,2.6万円,-,2K,33.54m2,https://suumo.jp/chintai/jnc_000074807882/?bc=100292066819
689,ビレッジハウス北金津2号棟,4階,2.6万円,-,2K,33.54m2,https://suumo.jp/chintai/jnc_000075227378/?bc=100291768011
690,信開ウエラコート花月,3階,2.1万円,5000円,1K,16.6m2,https://suumo.jp/chintai/jnc_000056213377/?bc=100285440634
691,信開ウエラコート花月,6階,2.1万円,8000円,1K,20.35m2,https://suumo.jp/chintai/jnc_000060007814/?bc=100267663979
692,シティガーデン照手,7階,2.3万円,3000円,1K,15.63m2,https://suumo.jp/chintai/jnc_000071697518/?bc=100267925248
693,ライフワードｓａｂａｅ,1階,2.7万円,-,2K,38m2,https://suumo.jp/chintai/jnc_000069619633/?bc=100293139364
694,ビレッジハウス行松2号棟,5階,2.7万円,-,2K,33.54m2,https://suumo.jp/chintai/jnc_000076114219/?bc=100292940801
695,ビレッジハウス行松2号棟,4階,2.8万円,-,2K,33.54m2,https://suumo.jp/chintai/jnc_000075696728/?bc=100291768000
696,ジョイビレッジ辻久,2階,2.7万円,-,1K,25.8m2,https://suumo.jp/chintai/jnc_000076077376/?bc=100265080297
697,ジョイビレッジ辻久,1階,2.7万円,-,1K,25.8m2,https://suumo.jp/chintai/jnc_000076077374/?bc=100266926961
698,ジョイビレッジ辻久,2階,2.7万円,-,1K,24.5m2,https://suumo.jp/chintai/jnc_000076077375/?bc=100281246314
699,ジョイビレッジ辻久,1階,2.9万円,-,1K,25.8m2,https://suumo.jp/chintai/jnc_000047656590/?bc=100276492236
